title,address,access,age,floor,fee,management_fee,deposit,gratuity,floor_plan,area
西新宿戸建,東京都新宿区西新宿４,"
都営大江戸線/西新宿五丁目駅 歩6分
都営大江戸線/都庁前駅 歩12分
京王新線/初台駅 歩12分
","
築26年
地下1地上3階建
","
											1-3階",48万円,-,48万円,24万円,7LDK,130.47m2
西新宿戸建,東京都新宿区西新宿４,"
都営大江戸線/西新宿五丁目駅 歩6分
都営大江戸線/都庁前駅 歩12分
京王新線/初台駅 歩12分
","
築26年
地下1地上3階建
","
											-",48万円,-,48万円,24万円,7LDK,130.47m2
パークスフィア牛込神楽坂,東京都新宿区南山伏町,"
都営大江戸線/牛込柳町駅 歩4分
東京メトロ東西線/神楽坂駅 歩10分
都営新宿線/曙橋駅 歩15分
","
新築
地下1地上13階建
","
											2階",19.7万円,12000円,19.7万円,-,1SLDK,40.01m2
パークスフィア牛込神楽坂,東京都新宿区南山伏町,"
都営大江戸線/牛込柳町駅 歩4分
東京メトロ東西線/神楽坂駅 歩10分
都営新宿線/曙橋駅 歩15分
","
新築
地下1地上13階建
","
											2階",19.7万円,12000円,19.7万円,-,1LDK,40.01m2
パークスフィア牛込神楽坂,東京都新宿区南山伏町,"
都営大江戸線/牛込柳町駅 歩4分
東京メトロ東西線/神楽坂駅 歩10分
都営新宿線/曙橋駅 歩15分
","
新築
地下1地上13階建
","
											2階",19.7万円,12000円,19.7万円,-,1LDK,40.01m2
パークスフィア牛込神楽坂,東京都新宿区南山伏町,"
都営大江戸線/牛込柳町駅 歩4分
東京メトロ東西線/神楽坂駅 歩10分
都営新宿線/曙橋駅 歩15分
","
新築
地下1地上13階建
","
											2階",19.9万円,12000円,19.9万円,-,1LDK,40.01m2
パークスフィア牛込神楽坂,東京都新宿区南山伏町,"
都営大江戸線/牛込柳町駅 歩4分
東京メトロ東西線/神楽坂駅 歩10分
都営新宿線/曙橋駅 歩15分
","
新築
地下1地上13階建
","
											2階",19.7万円,15000円,19.7万円,-,1LDK,38.42m2
パークスフィア牛込神楽坂,東京都新宿区南山伏町,"
都営大江戸線/牛込柳町駅 歩4分
東京メトロ東西線/神楽坂駅 歩10分
都営新宿線/曙橋駅 歩15分
","
新築
地下1地上13階建
","
											3階",20万円,12000円,20万円,-,1LDK,40.01m2
パークスフィア牛込神楽坂,東京都新宿区南山伏町,"
都営大江戸線/牛込柳町駅 歩4分
東京メトロ東西線/神楽坂駅 歩10分
都営新宿線/曙橋駅 歩15分
","
新築
地下1地上13階建
","
											3階",20万円,12000円,20万円,-,ワンルーム,40.01m2
パークスフィア牛込神楽坂,東京都新宿区南山伏町,"
都営大江戸線/牛込柳町駅 歩4分
東京メトロ東西線/神楽坂駅 歩10分
都営新宿線/曙橋駅 歩15分
","
新築
地下1地上13階建
","
											4階",20万円,12000円,20万円,-,1LDK,40.01m2
パークスフィア牛込神楽坂,東京都新宿区南山伏町,"
都営大江戸線/牛込柳町駅 歩4分
東京メトロ東西線/神楽坂駅 歩10分
都営新宿線/曙橋駅 歩15分
","
新築
地下1地上13階建
","
											4階",20万円,12000円,20万円,-,1LDK,40.01m2
パークスフィア牛込神楽坂,東京都新宿区南山伏町,"
都営大江戸線/牛込柳町駅 歩4分
東京メトロ東西線/神楽坂駅 歩10分
都営新宿線/曙橋駅 歩15分
","
新築
地下1地上13階建
","
											3階",19.9万円,15000円,19.9万円,-,1LDK,40.01m2
パークスフィア牛込神楽坂,東京都新宿区南山伏町,"
都営大江戸線/牛込柳町駅 歩4分
東京メトロ東西線/神楽坂駅 歩10分
都営新宿線/曙橋駅 歩15分
","
新築
地下1地上13階建
","
											3階",19.9万円,15000円,19.9万円,-,1LDK,40.01m2
パークスフィア牛込神楽坂,東京都新宿区南山伏町,"
都営大江戸線/牛込柳町駅 歩4分
東京メトロ東西線/神楽坂駅 歩10分
都営新宿線/曙橋駅 歩15分
","
新築
地下1地上13階建
","
											2階",19.9万円,15000円,19.9万円,-,1LDK,40.01m2
パークスフィア牛込神楽坂,東京都新宿区南山伏町,"
都営大江戸線/牛込柳町駅 歩4分
東京メトロ東西線/神楽坂駅 歩10分
都営新宿線/曙橋駅 歩15分
","
新築
地下1地上13階建
","
											4階",20万円,15000円,20万円,-,1LDK,40.01m2
パークスフィア牛込神楽坂,東京都新宿区南山伏町,"
都営大江戸線/牛込柳町駅 歩4分
東京メトロ東西線/神楽坂駅 歩10分
都営新宿線/曙橋駅 歩15分
","
新築
地下1地上13階建
","
											4階",20万円,15000円,20万円,-,1LDK,40.01m2
パークスフィア牛込神楽坂,東京都新宿区南山伏町,"
都営大江戸線/牛込柳町駅 歩4分
東京メトロ東西線/神楽坂駅 歩10分
都営新宿線/曙橋駅 歩15分
","
新築
地下1地上13階建
","
											4階",20万円,15000円,20万円,-,1LDK,40.01m2
パークスフィア牛込神楽坂,東京都新宿区南山伏町,"
都営大江戸線/牛込柳町駅 歩4分
東京メトロ東西線/神楽坂駅 歩10分
都営新宿線/曙橋駅 歩15分
","
新築
地下1地上13階建
","
											3階",20.1万円,15000円,20.1万円,-,1LDK,40.01m2
パークスフィア牛込神楽坂,東京都新宿区南山伏町,"
都営大江戸線/牛込柳町駅 歩4分
東京メトロ東西線/神楽坂駅 歩10分
都営新宿線/曙橋駅 歩15分
","
新築
地下1地上13階建
","
											5階",20.5万円,12000円,20.5万円,-,1LDK,40.01m2
パークスフィア牛込神楽坂,東京都新宿区南山伏町,"
都営大江戸線/牛込柳町駅 歩4分
東京メトロ東西線/神楽坂駅 歩10分
都営新宿線/曙橋駅 歩15分
","
新築
地下1地上13階建
","
											4階",20.2万円,15000円,20.2万円,-,1LDK,40.01m2
パークスフィア牛込神楽坂,東京都新宿区南山伏町,"
都営大江戸線/牛込柳町駅 歩4分
東京メトロ東西線/神楽坂駅 歩10分
都営新宿線/曙橋駅 歩15分
","
新築
地下1地上13階建
","
											6階",20.6万円,12000円,20.6万円,-,1LDK,40.01m2
パークスフィア牛込神楽坂,東京都新宿区南山伏町,"
都営大江戸線/牛込柳町駅 歩4分
東京メトロ東西線/神楽坂駅 歩10分
都営新宿線/曙橋駅 歩15分
","
新築
地下1地上13階建
","
											5階",20.7万円,12000円,20.7万円,-,ワンルーム,40.01m2
パークスフィア牛込神楽坂,東京都新宿区南山伏町,"
都営大江戸線/牛込柳町駅 歩4分
東京メトロ東西線/神楽坂駅 歩10分
都営新宿線/曙橋駅 歩15分
","
新築
地下1地上13階建
","
											5階",20.5万円,15000円,20.5万円,-,1LDK,40.01m2
パークスフィア牛込神楽坂,東京都新宿区南山伏町,"
都営大江戸線/牛込柳町駅 歩4分
東京メトロ東西線/神楽坂駅 歩10分
都営新宿線/曙橋駅 歩15分
","
新築
地下1地上13階建
","
											6階",20.8万円,12000円,20.8万円,-,1LDK,40.01m2
パークスフィア牛込神楽坂,東京都新宿区南山伏町,"
都営大江戸線/牛込柳町駅 歩4分
東京メトロ東西線/神楽坂駅 歩10分
都営新宿線/曙橋駅 歩15分
","
新築
地下1地上13階建
","
											5階",20.5万円,15000円,20.5万円,-,1LDK,40.01m2
パークスフィア牛込神楽坂,東京都新宿区南山伏町,"
都営大江戸線/牛込柳町駅 歩4分
東京メトロ東西線/神楽坂駅 歩10分
都営新宿線/曙橋駅 歩15分
","
新築
地下1地上13階建
","
											7階",20.8万円,12000円,20.8万円,-,ワンルーム,40.01m2
パークスフィア牛込神楽坂,東京都新宿区南山伏町,"
都営大江戸線/牛込柳町駅 歩4分
東京メトロ東西線/神楽坂駅 歩10分
都営新宿線/曙橋駅 歩15分
","
新築
地下1地上13階建
","
											6階",20.6万円,15000円,20.6万円,-,1LDK,40.01m2
パークスフィア牛込神楽坂,東京都新宿区南山伏町,"
都営大江戸線/牛込柳町駅 歩4分
東京メトロ東西線/神楽坂駅 歩10分
都営新宿線/曙橋駅 歩15分
","
新築
地下1地上13階建
","
											6階",20.6万円,15000円,20.6万円,-,1LDK,40.01m2
パークスフィア牛込神楽坂,東京都新宿区南山伏町,"
都営大江戸線/牛込柳町駅 歩4分
東京メトロ東西線/神楽坂駅 歩10分
都営新宿線/曙橋駅 歩15分
","
新築
地下1地上13階建
","
											6階",20.6万円,15000円,20.6万円,-,1LDK,40.01m2
パークスフィア牛込神楽坂,東京都新宿区南山伏町,"
都営大江戸線/牛込柳町駅 歩4分
東京メトロ東西線/神楽坂駅 歩10分
都営新宿線/曙橋駅 歩15分
","
新築
地下1地上13階建
","
											8階",20.9万円,12000円,20.9万円,-,1LDK,40.01m2
パークスフィア牛込神楽坂,東京都新宿区南山伏町,"
都営大江戸線/牛込柳町駅 歩4分
東京メトロ東西線/神楽坂駅 歩10分
都営新宿線/曙橋駅 歩15分
","
新築
地下1地上13階建
","
											10階",21万円,12000円,21万円,-,1LDK,40.01m2
パークスフィア牛込神楽坂,東京都新宿区南山伏町,"
都営大江戸線/牛込柳町駅 歩4分
東京メトロ東西線/神楽坂駅 歩10分
都営新宿線/曙橋駅 歩15分
","
新築
地下1地上13階建
","
											5階",20.7万円,15000円,20.7万円,-,1LDK,40.01m2
パークスフィア牛込神楽坂,東京都新宿区南山伏町,"
都営大江戸線/牛込柳町駅 歩4分
東京メトロ東西線/神楽坂駅 歩10分
都営新宿線/曙橋駅 歩15分
","
新築
地下1地上13階建
","
											3階",21万円,12000円,21万円,-,1LDK,40.01m2
パークスフィア牛込神楽坂,東京都新宿区南山伏町,"
都営大江戸線/牛込柳町駅 歩4分
東京メトロ東西線/神楽坂駅 歩10分
都営新宿線/曙橋駅 歩15分
","
新築
地下1地上13階建
","
											12階",21.1万円,12000円,21.1万円,-,1LDK,40.01m2
パークスフィア牛込神楽坂,東京都新宿区南山伏町,"
都営大江戸線/牛込柳町駅 歩4分
東京メトロ東西線/神楽坂駅 歩10分
都営新宿線/曙橋駅 歩15分
","
新築
地下1地上13階建
","
											6階",20.8万円,15000円,20.8万円,-,1LDK,40.01m2
パークスフィア牛込神楽坂,東京都新宿区南山伏町,"
都営大江戸線/牛込柳町駅 歩4分
東京メトロ東西線/神楽坂駅 歩10分
都営新宿線/曙橋駅 歩15分
","
新築
地下1地上13階建
","
											9階",21.1万円,12000円,21.1万円,-,1LDK,40.01m2
パークスフィア牛込神楽坂,東京都新宿区南山伏町,"
都営大江戸線/牛込柳町駅 歩4分
東京メトロ東西線/神楽坂駅 歩10分
都営新宿線/曙橋駅 歩15分
","
新築
地下1地上13階建
","
											9階",21.1万円,12000円,21.1万円,-,1LDK,40.01m2
パークスフィア牛込神楽坂,東京都新宿区南山伏町,"
都営大江戸線/牛込柳町駅 歩4分
東京メトロ東西線/神楽坂駅 歩10分
都営新宿線/曙橋駅 歩15分
","
新築
地下1地上13階建
","
											10階",21.2万円,12000円,21.2万円,-,1LDK,40.01m2
パークスフィア牛込神楽坂,東京都新宿区南山伏町,"
都営大江戸線/牛込柳町駅 歩4分
東京メトロ東西線/神楽坂駅 歩10分
都営新宿線/曙橋駅 歩15分
","
新築
地下1地上13階建
","
											7階",21万円,15000円,21万円,-,1LDK,40.01m2
パークスフィア牛込神楽坂,東京都新宿区南山伏町,"
都営大江戸線/牛込柳町駅 歩4分
東京メトロ東西線/神楽坂駅 歩10分
都営新宿線/曙橋駅 歩15分
","
新築
地下1地上13階建
","
											7階",21万円,15000円,21万円,-,1LDK,40.01m2
パークスフィア牛込神楽坂,東京都新宿区南山伏町,"
都営大江戸線/牛込柳町駅 歩4分
東京メトロ東西線/神楽坂駅 歩10分
都営新宿線/曙橋駅 歩15分
","
新築
地下1地上13階建
","
											8階",21.1万円,15000円,21.1万円,-,1LDK,40.01m2
パークスフィア牛込神楽坂,東京都新宿区南山伏町,"
都営大江戸線/牛込柳町駅 歩4分
東京メトロ東西線/神楽坂駅 歩10分
都営新宿線/曙橋駅 歩15分
","
新築
地下1地上13階建
","
											8階",21.1万円,15000円,21.1万円,-,1LDK,40.01m2
パークスフィア牛込神楽坂,東京都新宿区南山伏町,"
都営大江戸線/牛込柳町駅 歩4分
東京メトロ東西線/神楽坂駅 歩10分
都営新宿線/曙橋駅 歩15分
","
新築
地下1地上13階建
","
											9階",21.1万円,15000円,21.1万円,-,1LDK,40.01m2
パークスフィア牛込神楽坂,東京都新宿区南山伏町,"
都営大江戸線/牛込柳町駅 歩4分
東京メトロ東西線/神楽坂駅 歩10分
都営新宿線/曙橋駅 歩15分
","
新築
地下1地上13階建
","
											13階",21.4万円,12000円,21.4万円,-,1LDK,40.01m2
パークスフィア牛込神楽坂,東京都新宿区南山伏町,"
都営大江戸線/牛込柳町駅 歩4分
東京メトロ東西線/神楽坂駅 歩10分
都営新宿線/曙橋駅 歩15分
","
新築
地下1地上13階建
","
											9階",21.1万円,15000円,21.1万円,-,1LDK,40.01m2
パークスフィア牛込神楽坂,東京都新宿区南山伏町,"
都営大江戸線/牛込柳町駅 歩4分
東京メトロ東西線/神楽坂駅 歩10分
都営新宿線/曙橋駅 歩15分
","
新築
地下1地上13階建
","
											8階",21.1万円,15000円,21.1万円,-,1LDK,40.01m2
パークスフィア牛込神楽坂,東京都新宿区南山伏町,"
都営大江戸線/牛込柳町駅 歩4分
東京メトロ東西線/神楽坂駅 歩10分
都営新宿線/曙橋駅 歩15分
","
新築
地下1地上13階建
","
											11階",21.2万円,15000円,21.2万円,-,1LDK,40.01m2
パークスフィア牛込神楽坂,東京都新宿区南山伏町,"
都営大江戸線/牛込柳町駅 歩4分
東京メトロ東西線/神楽坂駅 歩10分
都営新宿線/曙橋駅 歩15分
","
新築
地下1地上13階建
","
											11階",21.2万円,15000円,21.2万円,-,1LDK,40.01m2
パークスフィア牛込神楽坂,東京都新宿区南山伏町,"
都営大江戸線/牛込柳町駅 歩4分
東京メトロ東西線/神楽坂駅 歩10分
都営新宿線/曙橋駅 歩15分
","
新築
地下1地上13階建
","
											10階",21.2万円,15000円,21.2万円,-,1LDK,40.01m2
パークスフィア牛込神楽坂,東京都新宿区南山伏町,"
都営大江戸線/牛込柳町駅 歩4分
東京メトロ東西線/神楽坂駅 歩10分
都営新宿線/曙橋駅 歩15分
","
新築
地下1地上13階建
","
											10階",21.2万円,15000円,21.2万円,-,1LDK,40.01m2
パークスフィア牛込神楽坂,東京都新宿区南山伏町,"
都営大江戸線/牛込柳町駅 歩4分
東京メトロ東西線/神楽坂駅 歩10分
都営新宿線/曙橋駅 歩15分
","
新築
地下1地上13階建
","
											7階",21.2万円,15000円,21.2万円,-,1LDK,40.01m2
パークスフィア牛込神楽坂,東京都新宿区南山伏町,"
都営大江戸線/牛込柳町駅 歩4分
東京メトロ東西線/神楽坂駅 歩10分
都営新宿線/曙橋駅 歩15分
","
新築
地下1地上13階建
","
											9階",21.2万円,15000円,21.2万円,-,1LDK,40.01m2
パークスフィア牛込神楽坂,東京都新宿区南山伏町,"
都営大江戸線/牛込柳町駅 歩4分
東京メトロ東西線/神楽坂駅 歩10分
都営新宿線/曙橋駅 歩15分
","
新築
地下1地上13階建
","
											8階",21.3万円,15000円,21.3万円,-,1LDK,40.01m2
パークスフィア牛込神楽坂,東京都新宿区南山伏町,"
都営大江戸線/牛込柳町駅 歩4分
東京メトロ東西線/神楽坂駅 歩10分
都営新宿線/曙橋駅 歩15分
","
新築
地下1地上13階建
","
											12階",21.3万円,15000円,21.3万円,-,1LDK,40.01m2
パークスフィア牛込神楽坂,東京都新宿区南山伏町,"
都営大江戸線/牛込柳町駅 歩4分
東京メトロ東西線/神楽坂駅 歩10分
都営新宿線/曙橋駅 歩15分
","
新築
地下1地上13階建
","
											9階",21.3万円,15000円,21.3万円,-,1LDK,40.01m2
パークスフィア牛込神楽坂,東京都新宿区南山伏町,"
都営大江戸線/牛込柳町駅 歩4分
東京メトロ東西線/神楽坂駅 歩10分
都営新宿線/曙橋駅 歩15分
","
新築
地下1地上13階建
","
											13階",21.9万円,12000円,21.9万円,-,1LDK,40.01m2
パークスフィア牛込神楽坂,東京都新宿区南山伏町,"
都営大江戸線/牛込柳町駅 歩4分
東京メトロ東西線/神楽坂駅 歩10分
都営新宿線/曙橋駅 歩15分
","
新築
地下1地上13階建
","
											13階",21.6万円,15000円,21.6万円,-,1LDK,40.01m2
パークスフィア牛込神楽坂,東京都新宿区南山伏町,"
都営大江戸線/牛込柳町駅 歩4分
東京メトロ東西線/神楽坂駅 歩10分
都営新宿線/曙橋駅 歩15分
","
新築
地下1地上13階建
","
											13階",21.8万円,15000円,21.8万円,-,1LDK,40.01m2
パークスフィア牛込神楽坂,東京都新宿区南山伏町,"
都営大江戸線/牛込柳町駅 歩4分
東京メトロ東西線/神楽坂駅 歩10分
都営新宿線/曙橋駅 歩15分
","
新築
地下1地上13階建
","
											11階",27.5万円,20000円,27.5万円,-,3LDK,70.8m2
グランスイート四谷二丁目レジデンス,東京都新宿区四谷２,"
ＪＲ総武線/四ツ谷駅 歩5分
東京メトロ丸ノ内線/四谷三丁目駅 歩4分
都営新宿線/曙橋駅 歩9分
","
築8年
13階建
","
											2階",14.5万円,10000円,14.5万円,14.5万円,1LDK,35.48m2
グランスイート四谷二丁目レジデンス,東京都新宿区四谷２,"
ＪＲ総武線/四ツ谷駅 歩5分
東京メトロ丸ノ内線/四谷三丁目駅 歩4分
都営新宿線/曙橋駅 歩9分
","
築8年
13階建
","
											3階",23.8万円,16000円,47.6万円,-,2LDK,54.04m2
グランスイート四谷二丁目レジデンス,東京都新宿区四谷２,"
ＪＲ総武線/四ツ谷駅 歩5分
東京メトロ丸ノ内線/四谷三丁目駅 歩4分
都営新宿線/曙橋駅 歩9分
","
築8年
13階建
","
											3階",23.8万円,16000円,47.6万円,-,2LDK,54.04m2
グランスイート四谷二丁目レジデンス,東京都新宿区四谷２,"
ＪＲ総武線/四ツ谷駅 歩5分
東京メトロ丸ノ内線/四谷三丁目駅 歩4分
都営新宿線/曙橋駅 歩9分
","
築8年
13階建
","
											10階",28.8万円,12000円,57.6万円,28.8万円,3LDK,65.67m2
レジディア市ヶ谷,東京都新宿区市谷本村町,"
東京メトロ有楽町線/市ケ谷駅 歩5分
東京メトロ南北線/市ケ谷駅 歩5分
ＪＲ総武線/四ツ谷駅 歩6分
","
築18年
地下1地上14階建
","
											7階",10.8万円,10000円,10.8万円,10.8万円,1K,21.42m2
レジディア市ヶ谷,東京都新宿区市谷本村町,"
東京メトロ有楽町線/市ケ谷駅 歩5分
東京メトロ南北線/市ケ谷駅 歩5分
ＪＲ総武線/四ツ谷駅 歩6分
","
築18年
地下1地上14階建
","
											3階",15.8万円,10000円,15.8万円,-,1LDK,37.65m2
レジディア市ヶ谷,東京都新宿区市谷本村町,"
東京メトロ有楽町線/市ケ谷駅 歩5分
東京メトロ南北線/市ケ谷駅 歩5分
ＪＲ総武線/四ツ谷駅 歩6分
","
築18年
地下1地上14階建
","
											7階",16.2万円,10000円,16.2万円,16.2万円,1LDK,37.65m2
レジディア市ヶ谷,東京都新宿区市谷本村町,"
東京メトロ有楽町線/市ケ谷駅 歩5分
東京メトロ南北線/市ケ谷駅 歩5分
ＪＲ総武線/四ツ谷駅 歩6分
","
築18年
地下1地上14階建
","
											9階",16.4万円,10000円,16.4万円,16.4万円,1LDK,37.65m2
レジディア市ヶ谷,東京都新宿区市谷本村町,"
東京メトロ有楽町線/市ケ谷駅 歩5分
東京メトロ南北線/市ケ谷駅 歩5分
ＪＲ総武線/四ツ谷駅 歩6分
","
築18年
地下1地上14階建
","
											9階",23.7万円,15000円,23.7万円,23.7万円,2LDK,53.1m2
レジディア市ヶ谷,東京都新宿区市谷本村町,"
東京メトロ有楽町線/市ケ谷駅 歩5分
東京メトロ南北線/市ケ谷駅 歩5分
ＪＲ総武線/四ツ谷駅 歩6分
","
築18年
地下1地上14階建
","
											12階",25.3万円,15000円,25.3万円,25.3万円,2LDK,56.5m2
コンフォリア中落合,東京都新宿区中落合２,"
西武新宿線/下落合駅 歩6分
都営大江戸線/中井駅 歩12分
西武池袋線/椎名町駅 歩14分
","
築12年
3階建
","
											1階",8万円,10000円,8万円,-,1K,25.41m2
コンフォリア中落合,東京都新宿区中落合２,"
西武新宿線/下落合駅 歩6分
都営大江戸線/中井駅 歩12分
西武池袋線/椎名町駅 歩14分
","
築12年
3階建
","
											1階",8.7万円,10000円,8.7万円,-,1K,30.63m2
コンフォリア中落合,東京都新宿区中落合２,"
西武新宿線/下落合駅 歩6分
都営大江戸線/中井駅 歩12分
西武池袋線/椎名町駅 歩14分
","
築12年
3階建
","
											1階",12.9万円,10000円,12.9万円,-,1LDK,40.11m2
コンフォリア中落合,東京都新宿区中落合２,"
西武新宿線/下落合駅 歩6分
都営大江戸線/中井駅 歩12分
西武池袋線/椎名町駅 歩14分
","
築12年
3階建
","
											2階",13.5万円,10000円,13.5万円,-,1LDK,40.11m2
コンフォリア中落合,東京都新宿区中落合２,"
西武新宿線/下落合駅 歩6分
都営大江戸線/中井駅 歩12分
西武池袋線/椎名町駅 歩14分
","
築12年
3階建
","
											1階",13.6万円,10000円,13.6万円,-,1LDK,40.11m2
ポルタ西新宿,東京都新宿区西新宿５,"
都営大江戸線/西新宿五丁目駅 歩5分
東京メトロ丸ノ内線/西新宿駅 歩9分
ＪＲ山手線/新宿駅 歩16分
","
築19年
3階建
","
											3階",13万円,10000円,13万円,13万円,1LDK,37.9m2
ポルタ西新宿,東京都新宿区西新宿５,"
都営大江戸線/西新宿五丁目駅 歩5分
東京メトロ丸ノ内線/西新宿駅 歩9分
ＪＲ山手線/新宿駅 歩16分
","
築19年
3階建
","
											2階",13.2万円,8000円,-,13.2万円,1LDK,37.9m2
ポルタ西新宿,東京都新宿区西新宿５,"
都営大江戸線/西新宿五丁目駅 歩5分
東京メトロ丸ノ内線/西新宿駅 歩9分
ＪＲ山手線/新宿駅 歩16分
","
築19年
3階建
","
											3階",13万円,10000円,13万円,13万円,1LDK,37.9m2
コンフォリア西新宿,東京都新宿区北新宿１,"
東京メトロ丸ノ内線/西新宿駅 歩5分
ＪＲ中央線/大久保駅 歩8分
ＪＲ山手線/新宿駅 歩14分
","
築16年
15階建
","
											5階",10.7万円,10000円,10.7万円,-,1K,26.11m2
コンフォリア西新宿,東京都新宿区北新宿１,"
東京メトロ丸ノ内線/西新宿駅 歩5分
ＪＲ中央線/大久保駅 歩8分
ＪＲ山手線/新宿駅 歩14分
","
築16年
15階建
","
											12階",11.9万円,10000円,11.9万円,-,1K,26.43m2
コンフォリア西新宿,東京都新宿区北新宿１,"
東京メトロ丸ノ内線/西新宿駅 歩5分
ＪＲ中央線/大久保駅 歩8分
ＪＲ山手線/新宿駅 歩14分
","
築16年
15階建
","
											15階",12.2万円,10000円,12.2万円,-,1K,26.11m2
コンフォリア西新宿,東京都新宿区北新宿１,"
東京メトロ丸ノ内線/西新宿駅 歩5分
ＪＲ中央線/大久保駅 歩8分
ＪＲ山手線/新宿駅 歩14分
","
築16年
15階建
","
											6階",15.8万円,10000円,15.8万円,-,1LDK,38.74m2
コンフォリア西新宿,東京都新宿区北新宿１,"
東京メトロ丸ノ内線/西新宿駅 歩5分
ＪＲ中央線/大久保駅 歩8分
ＪＲ山手線/新宿駅 歩14分
","
築16年
15階建
","
											6階",16.3万円,10000円,16.3万円,-,1LDK,38.74m2
SYFORME HIGASHI-SHINJIKUIII,東京都新宿区新宿７,"
東京メトロ副都心線/東新宿駅 歩3分
都営大江戸線/東新宿駅 歩3分
ＪＲ山手線/新大久保駅 歩12分
","
築1年
5階建
","
											3階",11.15万円,10000円,-,11.15万円,2K,25.76m2
SYFORME HIGASHI-SHINJIKUIII,東京都新宿区新宿７,"
東京メトロ副都心線/東新宿駅 歩3分
都営大江戸線/東新宿駅 歩3分
ＪＲ山手線/新大久保駅 歩12分
","
築1年
5階建
","
											4階",13.8万円,-,-,13.8万円,2K,25.76m2
SYFORME HIGASHI SHINJUKU III,東京都新宿区新宿７,"
東京メトロ副都心線/東新宿駅 歩3分
都営大江戸線/若松河田駅 歩12分
ＪＲ山手線/新宿駅 歩20分
","
築1年
5階建
","
											3階",11.15万円,10000円,-,11.15万円,2K,25.76m2
プレール・ドゥーク東新宿III,東京都新宿区新宿６,"
東京メトロ副都心線/東新宿駅 歩6分
都営大江戸線/若松河田駅 歩6分
ＪＲ山手線/新宿駅 歩17分
","
築6年
13階建
","
											2階",10万円,8000円,-,10万円,ワンルーム,26.67m2
プレール・ドゥーク東新宿III,東京都新宿区新宿６,"
東京メトロ副都心線/東新宿駅 歩6分
都営大江戸線/若松河田駅 歩6分
ＪＲ山手線/新宿駅 歩17分
","
築6年
13階建
","
											3階",10.05万円,8000円,-,10.05万円,ワンルーム,26.67m2
プレール・ドゥーク東新宿III,東京都新宿区新宿６,"
東京メトロ副都心線/東新宿駅 歩6分
都営大江戸線/若松河田駅 歩6分
ＪＲ山手線/新宿駅 歩17分
","
築6年
13階建
","
											12階",10.3万円,8000円,-,10.3万円,1K,25.79m2
プレール・ドゥーク東新宿III,東京都新宿区新宿６,"
東京メトロ副都心線/東新宿駅 歩6分
都営大江戸線/若松河田駅 歩6分
ＪＲ山手線/新宿駅 歩17分
","
築6年
13階建
","
											10階",10.7万円,8000円,-,10.7万円,ワンルーム,26m2
プレール・ドゥーク東新宿III,東京都新宿区新宿６,"
東京メトロ副都心線/東新宿駅 歩6分
都営大江戸線/若松河田駅 歩6分
ＪＲ山手線/新宿駅 歩17分
","
築6年
13階建
","
											11階",16.3万円,8000円,-,16.3万円,1LDK,40.61m2
河田町ガーデン,東京都新宿区河田町,"
都営大江戸線/若松河田駅 歩6分
都営新宿線/曙橋駅 歩4分
東京メトロ丸ノ内線/四谷三丁目駅 歩15分
","
築20年
地下2地上41階建
","
											12階",18.35万円,10000円,-,-,1LDK,43.13m2
河田町ガーデン,東京都新宿区河田町,"
都営大江戸線/若松河田駅 歩6分
都営新宿線/曙橋駅 歩4分
東京メトロ丸ノ内線/四谷三丁目駅 歩15分
","
築20年
地下2地上41階建
","
											8階",18.62万円,10000円,-,-,1K,46.62m2
河田町ガーデン,東京都新宿区河田町,"
都営大江戸線/若松河田駅 歩6分
都営新宿線/曙橋駅 歩4分
東京メトロ丸ノ内線/四谷三丁目駅 歩15分
","
築20年
地下2地上41階建
","
											11階",20.8万円,10000円,-,20.8万円,1LDK,50.17m2
河田町ガーデン,東京都新宿区河田町,"
都営大江戸線/若松河田駅 歩6分
都営新宿線/曙橋駅 歩4分
東京メトロ丸ノ内線/四谷三丁目駅 歩15分
","
築20年
地下2地上41階建
","
											14階",21.26万円,10000円,21.26万円,21.26万円,1LDK,50.17m2
河田町ガーデン,東京都新宿区河田町,"
都営大江戸線/若松河田駅 歩6分
都営新宿線/曙橋駅 歩4分
東京メトロ丸ノ内線/四谷三丁目駅 歩15分
","
築20年
地下2地上41階建
","
											17階",21.72万円,10000円,-,21.72万円,1LDK,50.17m2
河田町ガーデン,東京都新宿区河田町,"
都営大江戸線/若松河田駅 歩6分
都営新宿線/曙橋駅 歩4分
東京メトロ丸ノ内線/四谷三丁目駅 歩15分
","
築20年
地下2地上41階建
","
											2階",21.92万円,10000円,-,21.92万円,1SLDK,55.68m2
河田町ガーデン,東京都新宿区河田町,"
都営大江戸線/若松河田駅 歩6分
都営新宿線/曙橋駅 歩4分
東京メトロ丸ノ内線/四谷三丁目駅 歩15分
","
築20年
地下2地上41階建
","
											6階",22.53万円,10000円,-,22.53万円,1SLDK,55.68m2
河田町ガーデン,東京都新宿区河田町,"
都営大江戸線/若松河田駅 歩6分
都営新宿線/曙橋駅 歩4分
東京メトロ丸ノ内線/四谷三丁目駅 歩15分
","
築20年
地下2地上41階建
","
											29階",22.61万円,10000円,-,-,1K,48.8m2
河田町ガーデン,東京都新宿区河田町,"
都営大江戸線/若松河田駅 歩6分
都営新宿線/曙橋駅 歩4分
東京メトロ丸ノ内線/四谷三丁目駅 歩15分
","
築20年
地下2地上41階建
","
											14階",22.62万円,10000円,-,22.62万円,1LDK,52.12m2
河田町ガーデン,東京都新宿区河田町,"
都営大江戸線/若松河田駅 歩6分
都営新宿線/曙橋駅 歩4分
東京メトロ丸ノ内線/四谷三丁目駅 歩15分
","
築20年
地下2地上41階建
","
											14階",22.62万円,10000円,-,22.62万円,1SLDK,52.12m2
河田町ガーデン,東京都新宿区河田町,"
都営大江戸線/若松河田駅 歩6分
都営新宿線/曙橋駅 歩4分
東京メトロ丸ノ内線/四谷三丁目駅 歩15分
","
築20年
地下2地上41階建
","
											15階",22.77万円,10000円,-,22.77万円,1LDK,52.12m2
河田町ガーデン,東京都新宿区河田町,"
都営大江戸線/若松河田駅 歩6分
都営新宿線/曙橋駅 歩4分
東京メトロ丸ノ内線/四谷三丁目駅 歩15分
","
築20年
地下2地上41階建
","
											16階",22.92万円,10000円,-,22.92万円,1SLDK,52.12m2
河田町ガーデン,東京都新宿区河田町,"
都営大江戸線/若松河田駅 歩6分
都営新宿線/曙橋駅 歩4分
東京メトロ丸ノ内線/四谷三丁目駅 歩15分
","
築20年
地下2地上41階建
","
											23階",22.99万円,10000円,-,22.99万円,1LDK,50.17m2
河田町ガーデン,東京都新宿区河田町,"
都営大江戸線/若松河田駅 歩6分
都営新宿線/曙橋駅 歩4分
東京メトロ丸ノ内線/四谷三丁目駅 歩15分
","
築20年
地下2地上41階建
","
											25階",23.29万円,10000円,-,23.29万円,1LDK,50.17m2
河田町ガーデン,東京都新宿区河田町,"
都営大江戸線/若松河田駅 歩6分
都営新宿線/曙橋駅 歩4分
東京メトロ丸ノ内線/四谷三丁目駅 歩15分
","
築20年
地下2地上41階建
","
											30階",23.43万円,10000円,-,-,1DK,50.53m2
河田町ガーデン,東京都新宿区河田町,"
都営大江戸線/若松河田駅 歩6分
都営新宿線/曙橋駅 歩4分
東京メトロ丸ノ内線/四谷三丁目駅 歩15分
","
築20年
地下2地上41階建
","
											28階",23.75万円,10000円,-,-,1LDK,50.17m2
河田町ガーデン,東京都新宿区河田町,"
都営大江戸線/若松河田駅 歩6分
都営新宿線/曙橋駅 歩4分
東京メトロ丸ノ内線/四谷三丁目駅 歩15分
","
築20年
地下2地上41階建
","
											22階",24.24万円,10000円,-,-,1LDK,53.36m2
河田町ガーデン,東京都新宿区河田町,"
都営大江戸線/若松河田駅 歩6分
都営新宿線/曙橋駅 歩4分
東京メトロ丸ノ内線/四谷三丁目駅 歩15分
","
築20年
地下2地上41階建
","
											26階",24.46万円,10000円,-,24.46万円,1LDK,52.12m2
河田町ガーデン,東京都新宿区河田町,"
都営大江戸線/若松河田駅 歩6分
都営新宿線/曙橋駅 歩4分
東京メトロ丸ノ内線/四谷三丁目駅 歩15分
","
築20年
地下2地上41階建
","
											21階",24.53万円,10000円,-,24.53万円,1LDK,56.14m2
河田町ガーデン,東京都新宿区河田町,"
都営大江戸線/若松河田駅 歩6分
都営新宿線/曙橋駅 歩4分
東京メトロ丸ノ内線/四谷三丁目駅 歩15分
","
築20年
地下2地上41階建
","
											27階",25万円,10000円,-,-,1LDK,53.36m2
河田町ガーデン,東京都新宿区河田町,"
都営大江戸線/若松河田駅 歩6分
都営新宿線/曙橋駅 歩4分
東京メトロ丸ノ内線/四谷三丁目駅 歩15分
","
築20年
地下2地上41階建
","
											27階",25万円,10000円,-,-,1LDK,53.36m2
河田町ガーデン,東京都新宿区河田町,"
都営大江戸線/若松河田駅 歩6分
都営新宿線/曙橋駅 歩4分
東京メトロ丸ノ内線/四谷三丁目駅 歩15分
","
築20年
地下2地上41階建
","
											5階",25.06万円,10000円,-,25.06万円,2LDK,63.97m2
河田町ガーデン,東京都新宿区河田町,"
都営大江戸線/若松河田駅 歩6分
都営新宿線/曙橋駅 歩4分
東京メトロ丸ノ内線/四谷三丁目駅 歩15分
","
築20年
地下2地上41階建
","
											4階",25.06万円,10000円,-,25.06万円,2LDK,63.97m2
河田町ガーデン,東京都新宿区河田町,"
都営大江戸線/若松河田駅 歩6分
都営新宿線/曙橋駅 歩4分
東京メトロ丸ノ内線/四谷三丁目駅 歩15分
","
築20年
地下2地上41階建
","
											28階",25.16万円,10000円,-,-,1SLDK,53.36m2
河田町ガーデン,東京都新宿区河田町,"
都営大江戸線/若松河田駅 歩6分
都営新宿線/曙橋駅 歩4分
東京メトロ丸ノ内線/四谷三丁目駅 歩15分
","
築20年
地下2地上41階建
","
											30階",25.28万円,10000円,25.28万円,-,1LDK,54.47m2
河田町ガーデン,東京都新宿区河田町,"
都営大江戸線/若松河田駅 歩6分
都営新宿線/曙橋駅 歩4分
東京メトロ丸ノ内線/四谷三丁目駅 歩15分
","
築20年
地下2地上41階建
","
											34階",25.48万円,10000円,25.48万円,25.48万円,1K,51.86m2
河田町ガーデン,東京都新宿区河田町,"
都営大江戸線/若松河田駅 歩6分
都営新宿線/曙橋駅 歩4分
東京メトロ丸ノ内線/四谷三丁目駅 歩15分
","
築20年
地下2地上41階建
","
											31階",25.57万円,10000円,-,-,1K,53.23m2
河田町ガーデン,東京都新宿区河田町,"
都営大江戸線/若松河田駅 歩6分
都営新宿線/曙橋駅 歩4分
東京メトロ丸ノ内線/四谷三丁目駅 歩15分
","
築20年
地下2地上41階建
","
											24階",26.07万円,10000円,-,26.07万円,1SLDK,56.14m2
河田町ガーデン,東京都新宿区河田町,"
都営大江戸線/若松河田駅 歩6分
都営新宿線/曙橋駅 歩4分
東京メトロ丸ノ内線/四谷三丁目駅 歩15分
","
築20年
地下2地上41階建
","
											25階",26.2万円,10000円,-,-,1SLDK,56.14m2
河田町ガーデン,東京都新宿区河田町,"
都営大江戸線/若松河田駅 歩6分
都営新宿線/曙橋駅 歩4分
東京メトロ丸ノ内線/四谷三丁目駅 歩15分
","
築20年
地下2地上41階建
","
											25階",26.22万円,10000円,-,-,1SLDK,56.14m2
河田町ガーデン,東京都新宿区河田町,"
都営大江戸線/若松河田駅 歩6分
都営新宿線/曙橋駅 歩4分
東京メトロ丸ノ内線/四谷三丁目駅 歩15分
","
築20年
地下2地上41階建
","
											28階",26.69万円,10000円,-,26.69万円,2LDK,56.14m2
河田町ガーデン,東京都新宿区河田町,"
都営大江戸線/若松河田駅 歩6分
都営新宿線/曙橋駅 歩4分
東京メトロ丸ノ内線/四谷三丁目駅 歩15分
","
築20年
地下2地上41階建
","
											7階",31.01万円,10000円,-,31.01万円,2LDK,78.61m2
河田町ガーデン,東京都新宿区河田町,"
都営大江戸線/若松河田駅 歩6分
都営新宿線/曙橋駅 歩4分
東京メトロ丸ノ内線/四谷三丁目駅 歩15分
","
築20年
地下2地上41階建
","
											12階",31.78万円,10000円,-,31.78万円,2SLDK,78.61m2
河田町ガーデン,東京都新宿区河田町,"
都営大江戸線/若松河田駅 歩6分
都営新宿線/曙橋駅 歩4分
東京メトロ丸ノ内線/四谷三丁目駅 歩15分
","
築20年
地下2地上41階建
","
											33階",36.7万円,10000円,-,36.7万円,1SLDK,77.07m2
レジディア上落合,東京都新宿区上落合３,"
東京メトロ東西線/落合駅 歩4分
都営大江戸線/中井駅 歩3分
ＪＲ中央線/東中野駅 歩9分
","
築16年
地下1地上6階建
","
											3階",7.7万円,10000円,7.7万円,7.7万円,1K,20.7m2
レジディア上落合,東京都新宿区上落合３,"
東京メトロ東西線/落合駅 歩4分
都営大江戸線/中井駅 歩3分
ＪＲ中央線/東中野駅 歩9分
","
築16年
地下1地上6階建
","
											3階",7.7万円,10000円,7.7万円,7.7万円,1K,20.7m2
レジディア上落合,東京都新宿区上落合３,"
東京メトロ東西線/落合駅 歩4分
都営大江戸線/中井駅 歩3分
ＪＲ中央線/東中野駅 歩9分
","
築16年
地下1地上6階建
","
											2階",7.8万円,10000円,7.8万円,7.8万円,1K,20.7m2
レジディア上落合,東京都新宿区上落合３,"
東京メトロ東西線/落合駅 歩4分
都営大江戸線/中井駅 歩3分
ＪＲ中央線/東中野駅 歩9分
","
築16年
地下1地上6階建
","
											3階",7.9万円,10000円,7.9万円,7.9万円,1K,20.7m2
レジディア上落合,東京都新宿区上落合３,"
東京メトロ東西線/落合駅 歩4分
都営大江戸線/中井駅 歩3分
ＪＲ中央線/東中野駅 歩9分
","
築16年
地下1地上6階建
","
											4階",15.5万円,15000円,15.5万円,15.5万円,1LDK,41.4m2
レジディア上落合,東京都新宿区上落合３,"
東京メトロ東西線/落合駅 歩4分
都営大江戸線/中井駅 歩3分
ＪＲ中央線/東中野駅 歩9分
","
築16年
地下1地上6階建
","
											4階",15.5万円,15000円,15.5万円,15.5万円,1LDK,41.4m2
レックスガーデン神楽坂北町,東京都新宿区北町,"
都営大江戸線/牛込神楽坂駅 歩3分
東京メトロ有楽町線/飯田橋駅 歩9分
東京メトロ東西線/神楽坂駅 歩10分
","
築4年
地下1地上8階建
","
											1階",12.7万円,20000円,25.4万円,12.7万円,1K,26.08m2
レックスガーデン神楽坂北町,東京都新宿区北町,"
都営大江戸線/牛込神楽坂駅 歩3分
東京メトロ有楽町線/飯田橋駅 歩9分
東京メトロ東西線/神楽坂駅 歩10分
","
築4年
地下1地上8階建
","
											2階",13.7万円,20000円,27.4万円,13.7万円,1K,26.08m2
レックスガーデン神楽坂北町,東京都新宿区北町,"
都営大江戸線/牛込神楽坂駅 歩3分
東京メトロ有楽町線/飯田橋駅 歩9分
東京メトロ東西線/神楽坂駅 歩10分
","
築4年
地下1地上8階建
","
											3階",13.8万円,20000円,27.6万円,13.8万円,1K,26.08m2
レックスガーデン神楽坂北町,東京都新宿区北町,"
都営大江戸線/牛込神楽坂駅 歩3分
東京メトロ有楽町線/飯田橋駅 歩9分
東京メトロ東西線/神楽坂駅 歩10分
","
築4年
地下1地上8階建
","
											4階",13.9万円,20000円,27.8万円,13.9万円,1K,26.08m2
レックスガーデン神楽坂北町,東京都新宿区北町,"
都営大江戸線/牛込神楽坂駅 歩3分
東京メトロ有楽町線/飯田橋駅 歩9分
東京メトロ東西線/神楽坂駅 歩10分
","
築4年
地下1地上8階建
","
											5階",14万円,20000円,28万円,14万円,1K,26.08m2
レックスガーデン神楽坂北町,東京都新宿区北町,"
都営大江戸線/牛込神楽坂駅 歩3分
東京メトロ有楽町線/飯田橋駅 歩9分
東京メトロ東西線/神楽坂駅 歩10分
","
築4年
地下1地上8階建
","
											6階",16.6万円,20000円,33.2万円,16.6万円,1LDK,41.12m2
レックスガーデン神楽坂北町,東京都新宿区北町,"
都営大江戸線/牛込神楽坂駅 歩3分
東京メトロ有楽町線/飯田橋駅 歩9分
東京メトロ東西線/神楽坂駅 歩10分
","
築4年
地下1地上8階建
","
											4階",16.9万円,20000円,33.8万円,16.9万円,1LDK,42.64m2
都営大江戸線 牛込柳町駅 地下1地上30階建 築15年,東京都新宿区原町３,"
都営大江戸線/牛込柳町駅 歩4分
都営大江戸線/若松河田駅 歩5分
東京メトロ東西線/早稲田駅 歩10分
","
築15年
地下1地上30階建
","
											11階",19万円,10000円,38万円,-,1LDK,47.1m2
都営大江戸線 牛込柳町駅 地下1地上30階建 築15年,東京都新宿区原町３,"
都営大江戸線/牛込柳町駅 歩4分
都営大江戸線/若松河田駅 歩5分
東京メトロ東西線/早稲田駅 歩10分
","
築15年
地下1地上30階建
","
											11階",24万円,15000円,48万円,-,2LDK,56.41m2
都営大江戸線 牛込柳町駅 地下1地上30階建 築15年,東京都新宿区原町３,"
都営大江戸線/牛込柳町駅 歩4分
都営大江戸線/若松河田駅 歩5分
東京メトロ東西線/早稲田駅 歩10分
","
築15年
地下1地上30階建
","
											10階",24.2万円,15000円,48.4万円,-,2LDK,56.41m2
都営大江戸線 牛込柳町駅 地下1地上30階建 築15年,東京都新宿区原町３,"
都営大江戸線/牛込柳町駅 歩4分
都営大江戸線/若松河田駅 歩5分
東京メトロ東西線/早稲田駅 歩10分
","
築15年
地下1地上30階建
","
											3階",28万円,15000円,56万円,-,3LDK,74.26m2
都営大江戸線 牛込柳町駅 地下1地上30階建 築15年,東京都新宿区原町３,"
都営大江戸線/牛込柳町駅 歩4分
都営大江戸線/若松河田駅 歩5分
東京メトロ東西線/早稲田駅 歩10分
","
築15年
地下1地上30階建
","
											16階",30.4万円,15000円,60.8万円,-,3LDK,74.64m2
都営大江戸線 牛込柳町駅 地下1地上30階建 築15年,東京都新宿区原町３,"
都営大江戸線/牛込柳町駅 歩4分
都営大江戸線/若松河田駅 歩5分
東京メトロ東西線/早稲田駅 歩10分
","
築15年
地下1地上30階建
","
											4階",35万円,15000円,70万円,-,2LDK,94.56m2
都営大江戸線 牛込柳町駅 地下1地上30階建 築15年,東京都新宿区原町３,"
都営大江戸線/牛込柳町駅 歩4分
都営大江戸線/若松河田駅 歩5分
東京メトロ東西線/早稲田駅 歩10分
","
築15年
地下1地上30階建
","
											4階",35万円,15000円,70万円,-,2LDK,94.56m2
ハイグラウンド神楽坂,東京都新宿区白銀町,"
都営大江戸線/牛込神楽坂駅 歩4分
東京メトロ東西線/神楽坂駅 歩5分
ＪＲ中央線/飯田橋駅 歩6分
","
新築
12階建
","
											1階",19.9万円,-,19.9万円,19.9万円,1LDK,41.59m2
ハイグラウンド神楽坂,東京都新宿区白銀町,"
都営大江戸線/牛込神楽坂駅 歩4分
東京メトロ東西線/神楽坂駅 歩5分
ＪＲ中央線/飯田橋駅 歩6分
","
新築
12階建
","
											2階",20.2万円,-,20.2万円,20.2万円,1SLDK,41.59m2
ハイグラウンド神楽坂,東京都新宿区白銀町,"
都営大江戸線/牛込神楽坂駅 歩4分
東京メトロ東西線/神楽坂駅 歩5分
ＪＲ中央線/飯田橋駅 歩6分
","
新築
12階建
","
											4階",20.4万円,-,20.4万円,20.4万円,1LDK,41.59m2
ハイグラウンド神楽坂,東京都新宿区白銀町,"
都営大江戸線/牛込神楽坂駅 歩4分
東京メトロ東西線/神楽坂駅 歩5分
ＪＲ中央線/飯田橋駅 歩6分
","
新築
12階建
","
											5階",20.5万円,-,20.5万円,20.5万円,1LDK,41.59m2
ハイグラウンド神楽坂,東京都新宿区白銀町,"
都営大江戸線/牛込神楽坂駅 歩4分
東京メトロ東西線/神楽坂駅 歩5分
ＪＲ中央線/飯田橋駅 歩6分
","
新築
12階建
","
											6階",20.6万円,-,20.6万円,20.6万円,1LDK,41.59m2
ハイグラウンド神楽坂,東京都新宿区白銀町,"
都営大江戸線/牛込神楽坂駅 歩4分
東京メトロ東西線/神楽坂駅 歩5分
ＪＲ中央線/飯田橋駅 歩6分
","
新築
12階建
","
											7階",20.7万円,-,20.7万円,20.7万円,1SLDK,41.59m2
ハイグラウンド神楽坂,東京都新宿区白銀町,"
都営大江戸線/牛込神楽坂駅 歩4分
東京メトロ東西線/神楽坂駅 歩5分
ＪＲ中央線/飯田橋駅 歩6分
","
新築
12階建
","
											8階",20.8万円,-,20.8万円,20.8万円,1LDK,41.59m2
ハイグラウンド神楽坂,東京都新宿区白銀町,"
都営大江戸線/牛込神楽坂駅 歩4分
東京メトロ東西線/神楽坂駅 歩5分
ＪＲ中央線/飯田橋駅 歩6分
","
新築
12階建
","
											9階",20.9万円,-,20.9万円,20.9万円,1LDK,41.59m2
ハイグラウンド神楽坂,東京都新宿区白銀町,"
都営大江戸線/牛込神楽坂駅 歩4分
東京メトロ東西線/神楽坂駅 歩5分
ＪＲ中央線/飯田橋駅 歩6分
","
新築
12階建
","
											1階",26.9万円,-,26.9万円,26.9万円,2LDK,56.18m2
ハイグラウンド神楽坂,東京都新宿区白銀町,"
都営大江戸線/牛込神楽坂駅 歩4分
東京メトロ東西線/神楽坂駅 歩5分
ＪＲ中央線/飯田橋駅 歩6分
","
新築
12階建
","
											2階",27.2万円,-,27.2万円,27.2万円,2LDK,56.18m2
ハイグラウンド神楽坂,東京都新宿区白銀町,"
都営大江戸線/牛込神楽坂駅 歩4分
東京メトロ東西線/神楽坂駅 歩5分
ＪＲ中央線/飯田橋駅 歩6分
","
新築
12階建
","
											3階",27.3万円,-,27.3万円,27.3万円,2LDK,56.18m2
ハイグラウンド神楽坂,東京都新宿区白銀町,"
都営大江戸線/牛込神楽坂駅 歩4分
東京メトロ東西線/神楽坂駅 歩5分
ＪＲ中央線/飯田橋駅 歩6分
","
新築
12階建
","
											3階",27.3万円,-,27.3万円,27.3万円,2LDK,56.18m2
ハイグラウンド神楽坂,東京都新宿区白銀町,"
都営大江戸線/牛込神楽坂駅 歩4分
東京メトロ東西線/神楽坂駅 歩5分
ＪＲ中央線/飯田橋駅 歩6分
","
新築
12階建
","
											2階",27.7万円,-,27.7万円,27.7万円,2SLDK,56.18m2
ハイグラウンド神楽坂,東京都新宿区白銀町,"
都営大江戸線/牛込神楽坂駅 歩4分
東京メトロ東西線/神楽坂駅 歩5分
ＪＲ中央線/飯田橋駅 歩6分
","
新築
12階建
","
											3階",27.8万円,-,27.8万円,27.8万円,2SLDK,56.18m2
ハイグラウンド神楽坂,東京都新宿区白銀町,"
都営大江戸線/牛込神楽坂駅 歩4分
東京メトロ東西線/神楽坂駅 歩5分
ＪＲ中央線/飯田橋駅 歩6分
","
新築
12階建
","
											6階",28.1万円,-,28.1万円,56.2万円,2LDK,56.18m2
ハイグラウンド神楽坂,東京都新宿区白銀町,"
都営大江戸線/牛込神楽坂駅 歩4分
東京メトロ東西線/神楽坂駅 歩5分
ＪＲ中央線/飯田橋駅 歩6分
","
新築
12階建
","
											7階",28.2万円,-,28.2万円,28.2万円,2LDK,56.18m2
(仮称)プラチナスクエア新宿河田町,東京都新宿区河田町,"
都営大江戸線/若松河田駅 歩6分
都営新宿線/曙橋駅 歩7分
東京メトロ丸ノ内線/四谷三丁目駅 歩14分
","
新築
4階建
","
											1階",10.6万円,12000円,-,-,1DK,25.66m2
(仮称)プラチナスクエア新宿河田町,東京都新宿区河田町,"
都営大江戸線/若松河田駅 歩6分
都営新宿線/曙橋駅 歩7分
東京メトロ丸ノ内線/四谷三丁目駅 歩14分
","
新築
4階建
","
											2階",10.6万円,12000円,-,-,1DK,25.5m2
(仮称)プラチナスクエア新宿河田町,東京都新宿区河田町,"
都営大江戸線/若松河田駅 歩6分
都営新宿線/曙橋駅 歩7分
東京メトロ丸ノ内線/四谷三丁目駅 歩14分
","
新築
4階建
","
											1階",10.6万円,12000円,-,-,1DK,25.5m2
(仮称)プラチナスクエア新宿河田町,東京都新宿区河田町,"
都営大江戸線/若松河田駅 歩6分
都営新宿線/曙橋駅 歩7分
東京メトロ丸ノ内線/四谷三丁目駅 歩14分
","
新築
4階建
","
											2階",10.8万円,12000円,-,-,1DK,25.5m2
(仮称)プラチナスクエア新宿河田町,東京都新宿区河田町,"
都営大江戸線/若松河田駅 歩6分
都営新宿線/曙橋駅 歩7分
東京メトロ丸ノ内線/四谷三丁目駅 歩14分
","
新築
4階建
","
											3階",10.9万円,12000円,-,-,1DK,25.66m2
(仮称)プラチナスクエア新宿河田町,東京都新宿区河田町,"
都営大江戸線/若松河田駅 歩6分
都営新宿線/曙橋駅 歩7分
東京メトロ丸ノ内線/四谷三丁目駅 歩14分
","
新築
4階建
","
											3階",10.9万円,12000円,-,-,1DK,25.5m2
(仮称)プラチナスクエア新宿河田町,東京都新宿区河田町,"
都営大江戸線/若松河田駅 歩6分
都営新宿線/曙橋駅 歩7分
東京メトロ丸ノ内線/四谷三丁目駅 歩14分
","
新築
4階建
","
											3階",10.9万円,12000円,-,-,1DK,25.5m2
(仮称)プラチナスクエア新宿河田町,東京都新宿区河田町,"
都営大江戸線/若松河田駅 歩6分
都営新宿線/曙橋駅 歩7分
東京メトロ丸ノ内線/四谷三丁目駅 歩14分
","
新築
4階建
","
											4階",11万円,12000円,-,-,1DK,25.5m2
(仮称)プラチナスクエア新宿河田町,東京都新宿区河田町,"
都営大江戸線/若松河田駅 歩6分
都営新宿線/曙橋駅 歩7分
東京メトロ丸ノ内線/四谷三丁目駅 歩14分
","
新築
4階建
","
											2階",11万円,12000円,-,-,1DK,25.51m2
(仮称)プラチナスクエア新宿河田町,東京都新宿区河田町,"
都営大江戸線/若松河田駅 歩6分
都営新宿線/曙橋駅 歩7分
東京メトロ丸ノ内線/四谷三丁目駅 歩14分
","
新築
4階建
","
											2階",11万円,12000円,-,-,1DK,25.51m2
(仮称)プラチナスクエア新宿河田町,東京都新宿区河田町,"
都営大江戸線/若松河田駅 歩6分
都営新宿線/曙橋駅 歩7分
東京メトロ丸ノ内線/四谷三丁目駅 歩14分
","
新築
4階建
","
											1階",11万円,12000円,-,-,1DK,25.51m2
(仮称)プラチナスクエア新宿河田町,東京都新宿区河田町,"
都営大江戸線/若松河田駅 歩6分
都営新宿線/曙橋駅 歩7分
東京メトロ丸ノ内線/四谷三丁目駅 歩14分
","
新築
4階建
","
											1階",11.1万円,12000円,-,-,1DK,25.51m2
(仮称)プラチナスクエア新宿河田町,東京都新宿区河田町,"
都営大江戸線/若松河田駅 歩6分
都営新宿線/曙橋駅 歩7分
東京メトロ丸ノ内線/四谷三丁目駅 歩14分
","
新築
4階建
","
											3階",11.1万円,12000円,-,-,1DK,25.51m2
(仮称)プラチナスクエア新宿河田町,東京都新宿区河田町,"
都営大江戸線/若松河田駅 歩6分
都営新宿線/曙橋駅 歩7分
東京メトロ丸ノ内線/四谷三丁目駅 歩14分
","
新築
4階建
","
											3階",11.1万円,12000円,-,-,1DK,25.51m2
(仮称)プラチナスクエア新宿河田町,東京都新宿区河田町,"
都営大江戸線/若松河田駅 歩6分
都営新宿線/曙橋駅 歩7分
東京メトロ丸ノ内線/四谷三丁目駅 歩14分
","
新築
4階建
","
											1階",11.1万円,12000円,-,-,1DK,25.5m2
(仮称)プラチナスクエア新宿河田町,東京都新宿区河田町,"
都営大江戸線/若松河田駅 歩6分
都営新宿線/曙橋駅 歩7分
東京メトロ丸ノ内線/四谷三丁目駅 歩14分
","
新築
4階建
","
											1階",11.2万円,12000円,-,-,1DK,25.5m2
(仮称)プラチナスクエア新宿河田町,東京都新宿区河田町,"
都営大江戸線/若松河田駅 歩6分
都営新宿線/曙橋駅 歩7分
東京メトロ丸ノ内線/四谷三丁目駅 歩14分
","
新築
4階建
","
											1階",11.2万円,12000円,-,-,1DK,25.5m2
(仮称)プラチナスクエア新宿河田町,東京都新宿区河田町,"
都営大江戸線/若松河田駅 歩6分
都営新宿線/曙橋駅 歩7分
東京メトロ丸ノ内線/四谷三丁目駅 歩14分
","
新築
4階建
","
											1階",11.6万円,12000円,-,-,1DK,25.66m2
(仮称)プラチナスクエア新宿河田町,東京都新宿区河田町,"
都営大江戸線/若松河田駅 歩6分
都営新宿線/曙橋駅 歩7分
東京メトロ丸ノ内線/四谷三丁目駅 歩14分
","
新築
4階建
","
											2階",11.8万円,12000円,-,-,1DK,25.5m2
(仮称)プラチナスクエア新宿河田町,東京都新宿区河田町,"
都営大江戸線/若松河田駅 歩6分
都営新宿線/曙橋駅 歩7分
東京メトロ丸ノ内線/四谷三丁目駅 歩14分
","
新築
4階建
","
											1階",11.8万円,12000円,-,-,1DK,25.5m2
(仮称)プラチナスクエア新宿河田町,東京都新宿区河田町,"
都営大江戸線/若松河田駅 歩6分
都営新宿線/曙橋駅 歩7分
東京メトロ丸ノ内線/四谷三丁目駅 歩14分
","
新築
4階建
","
											3階",11.9万円,12000円,-,-,1DK,25.66m2
(仮称)プラチナスクエア新宿河田町,東京都新宿区河田町,"
都営大江戸線/若松河田駅 歩6分
都営新宿線/曙橋駅 歩7分
東京メトロ丸ノ内線/四谷三丁目駅 歩14分
","
新築
4階建
","
											3階",11.9万円,12000円,-,-,1DK,25.5m2
(仮称)プラチナスクエア新宿河田町,東京都新宿区河田町,"
都営大江戸線/若松河田駅 歩6分
都営新宿線/曙橋駅 歩7分
東京メトロ丸ノ内線/四谷三丁目駅 歩14分
","
新築
4階建
","
											3階",11.9万円,12000円,-,-,1DK,25.5m2
(仮称)プラチナスクエア新宿河田町,東京都新宿区河田町,"
都営大江戸線/若松河田駅 歩6分
都営新宿線/曙橋駅 歩7分
東京メトロ丸ノ内線/四谷三丁目駅 歩14分
","
新築
4階建
","
											2階",12万円,12000円,-,-,1DK,25.51m2
(仮称)プラチナスクエア新宿河田町,東京都新宿区河田町,"
都営大江戸線/若松河田駅 歩6分
都営新宿線/曙橋駅 歩7分
東京メトロ丸ノ内線/四谷三丁目駅 歩14分
","
新築
4階建
","
											2階",12万円,12000円,-,-,1DK,25.51m2
(仮称)プラチナスクエア新宿河田町,東京都新宿区河田町,"
都営大江戸線/若松河田駅 歩6分
都営新宿線/曙橋駅 歩7分
東京メトロ丸ノ内線/四谷三丁目駅 歩14分
","
新築
4階建
","
											4階",12万円,12000円,-,-,1DK,25.5m2
(仮称)プラチナスクエア新宿河田町,東京都新宿区河田町,"
都営大江戸線/若松河田駅 歩6分
都営新宿線/曙橋駅 歩7分
東京メトロ丸ノ内線/四谷三丁目駅 歩14分
","
新築
4階建
","
											3階",12.1万円,12000円,-,-,1DK,25.51m2
(仮称)プラチナスクエア新宿河田町,東京都新宿区河田町,"
都営大江戸線/若松河田駅 歩6分
都営新宿線/曙橋駅 歩7分
東京メトロ丸ノ内線/四谷三丁目駅 歩14分
","
新築
4階建
","
											1階",12.1万円,12000円,-,-,1DK,25.51m2
(仮称)プラチナスクエア新宿河田町,東京都新宿区河田町,"
都営大江戸線/若松河田駅 歩6分
都営新宿線/曙橋駅 歩7分
東京メトロ丸ノ内線/四谷三丁目駅 歩14分
","
新築
4階建
","
											3階",12.1万円,12000円,-,-,1DK,25.51m2
(仮称)プラチナスクエア新宿河田町,東京都新宿区河田町,"
都営大江戸線/若松河田駅 歩6分
都営新宿線/曙橋駅 歩7分
東京メトロ丸ノ内線/四谷三丁目駅 歩14分
","
新築
4階建
","
											1階",12.1万円,12000円,-,-,1DK,25.5m2
(仮称)プラチナスクエア新宿河田町,東京都新宿区河田町,"
都営大江戸線/若松河田駅 歩6分
都営新宿線/曙橋駅 歩7分
東京メトロ丸ノ内線/四谷三丁目駅 歩14分
","
新築
4階建
","
											4階",12.2万円,12000円,-,-,1DK,25.5m2
(仮称)プラチナスクエア新宿河田町,東京都新宿区河田町,"
都営大江戸線/若松河田駅 歩6分
都営新宿線/曙橋駅 歩7分
東京メトロ丸ノ内線/四谷三丁目駅 歩14分
","
新築
4階建
","
											1階",12.2万円,12000円,-,-,1DK,25.5m2
(仮称)プラチナスクエア新宿河田町,東京都新宿区河田町,"
都営大江戸線/若松河田駅 歩6分
都営新宿線/曙橋駅 歩7分
東京メトロ丸ノ内線/四谷三丁目駅 歩14分
","
新築
4階建
","
											1階",12.2万円,12000円,-,-,1DK,25.5m2
(仮称)プラチナスクエア新宿河田町,東京都新宿区河田町,"
都営大江戸線/若松河田駅 歩6分
都営新宿線/曙橋駅 歩7分
東京メトロ丸ノ内線/四谷三丁目駅 歩14分
","
新築
4階建
","
											4階",12.3万円,12000円,-,-,1DK,25.66m2
(仮称)プラチナスクエア新宿河田町,東京都新宿区河田町,"
都営大江戸線/若松河田駅 歩6分
都営新宿線/曙橋駅 歩7分
東京メトロ丸ノ内線/四谷三丁目駅 歩14分
","
新築
4階建
","
											4階",13.2万円,12000円,-,-,1DK,25.5m2
(仮称)プラチナスクエア新宿河田町,東京都新宿区河田町,"
都営大江戸線/若松河田駅 歩6分
都営新宿線/曙橋駅 歩7分
東京メトロ丸ノ内線/四谷三丁目駅 歩14分
","
新築
4階建
","
											4階",13.3万円,12000円,-,-,1DK,25.66m2
(仮称)プラチナスクエア新宿河田町,東京都新宿区河田町,"
都営大江戸線/若松河田駅 歩6分
都営新宿線/曙橋駅 歩7分
東京メトロ丸ノ内線/四谷三丁目駅 歩14分
","
新築
4階建
","
											2階",19.1万円,15000円,-,-,1LDK,40.55m2
(仮称)プラチナスクエア新宿河田町,東京都新宿区河田町,"
都営大江戸線/若松河田駅 歩6分
都営新宿線/曙橋駅 歩7分
東京メトロ丸ノ内線/四谷三丁目駅 歩14分
","
新築
4階建
","
											3階",19.3万円,15000円,-,-,1LDK,40.55m2
(仮称)プラチナスクエア新宿河田町,東京都新宿区河田町,"
都営大江戸線/若松河田駅 歩6分
都営新宿線/曙橋駅 歩7分
東京メトロ丸ノ内線/四谷三丁目駅 歩14分
","
新築
4階建
","
											3階",21.3万円,15000円,-,-,1LDK,40.55m2
(仮称)プラチナスクエア新宿河田町,東京都新宿区河田町,"
都営大江戸線/若松河田駅 歩6分
都営新宿線/曙橋駅 歩7分
東京メトロ丸ノ内線/四谷三丁目駅 歩14分
","
新築
4階建
","
											4階",21.5万円,15000円,-,-,1LDK,40.55m2
ハーモニーレジデンス神楽坂ヒルズthird,東京都新宿区山吹町,"
東京メトロ有楽町線/江戸川橋駅 歩5分
東京メトロ東西線/神楽坂駅 歩7分
都営大江戸線/牛込神楽坂駅 歩15分
","
築3年
5階建
","
											1階",11.7万円,18000円,-,-,1DK,25.8m2
ハーモニーレジデンス神楽坂ヒルズthird,東京都新宿区山吹町,"
東京メトロ有楽町線/江戸川橋駅 歩5分
東京メトロ東西線/神楽坂駅 歩7分
都営大江戸線/牛込神楽坂駅 歩15分
","
築3年
5階建
","
											2階",12.05万円,18000円,-,-,2K,25.85m2
ハーモニーレジデンス神楽坂ヒルズthird,東京都新宿区山吹町,"
東京メトロ有楽町線/江戸川橋駅 歩5分
東京メトロ東西線/神楽坂駅 歩7分
都営大江戸線/牛込神楽坂駅 歩15分
","
築3年
5階建
","
											1階",12.05万円,18000円,-,-,1DK,25.8m2
ハーモニーレジデンス神楽坂ヒルズthird,東京都新宿区山吹町,"
東京メトロ有楽町線/江戸川橋駅 歩5分
東京メトロ東西線/神楽坂駅 歩7分
都営大江戸線/牛込神楽坂駅 歩15分
","
築3年
5階建
","
											2階",12.25万円,18000円,-,-,1DK,25.8m2
ハーモニーレジデンス神楽坂ヒルズthird,東京都新宿区山吹町,"
東京メトロ有楽町線/江戸川橋駅 歩5分
東京メトロ東西線/神楽坂駅 歩7分
都営大江戸線/牛込神楽坂駅 歩15分
","
築3年
5階建
","
											2階",12.25万円,18000円,-,-,1DK,25.8m2
ハーモニーレジデンス神楽坂ヒルズthird,東京都新宿区山吹町,"
東京メトロ有楽町線/江戸川橋駅 歩5分
東京メトロ東西線/神楽坂駅 歩7分
都営大江戸線/牛込神楽坂駅 歩15分
","
築3年
5階建
","
											4階",12.45万円,18000円,-,-,1DK,25.8m2
ハーモニーレジデンス神楽坂ヒルズセカンド,東京都新宿区山吹町,"
東京メトロ有楽町線/江戸川橋駅 歩5分
東京メトロ東西線/神楽坂駅 歩7分
都営大江戸線/牛込神楽坂駅 歩15分
","
築3年
6階建
","
											1階",12.1万円,15000円,-,-,1DK,25.8m2
ハーモニーレジデンス神楽坂ヒルズセカンド,東京都新宿区山吹町,"
東京メトロ有楽町線/江戸川橋駅 歩5分
東京メトロ東西線/神楽坂駅 歩7分
都営大江戸線/牛込神楽坂駅 歩15分
","
築3年
6階建
","
											1階",12.1万円,15000円,-,12.1万円,1DK,25.8m2
ハーモニーレジデンス神楽坂ヒルズセカンド,東京都新宿区山吹町,"
東京メトロ有楽町線/江戸川橋駅 歩5分
東京メトロ東西線/神楽坂駅 歩7分
都営大江戸線/牛込神楽坂駅 歩15分
","
築3年
6階建
","
											2階",12.4万円,15000円,-,-,1DK,26.98m2
ハーモニーレジデンス神楽坂ヒルズセカンド,東京都新宿区山吹町,"
東京メトロ有楽町線/江戸川橋駅 歩5分
東京メトロ東西線/神楽坂駅 歩7分
都営大江戸線/牛込神楽坂駅 歩15分
","
築3年
6階建
","
											2階",12.4万円,15000円,-,12.4万円,1DK,25.8m2
ハーモニーレジデンス神楽坂ヒルズセカンド,東京都新宿区山吹町,"
東京メトロ有楽町線/江戸川橋駅 歩5分
東京メトロ東西線/神楽坂駅 歩7分
都営大江戸線/牛込神楽坂駅 歩15分
","
築3年
6階建
","
											1階",12.45万円,15000円,-,-,1DK,25.8m2
ハーモニーレジデンス神楽坂ヒルズセカンド,東京都新宿区山吹町,"
東京メトロ有楽町線/江戸川橋駅 歩5分
東京メトロ東西線/神楽坂駅 歩7分
都営大江戸線/牛込神楽坂駅 歩15分
","
築3年
6階建
","
											2階",12.5万円,15000円,-,-,1DK,25.8m2
ハーモニーレジデンス神楽坂ヒルズセカンド,東京都新宿区山吹町,"
東京メトロ有楽町線/江戸川橋駅 歩5分
東京メトロ東西線/神楽坂駅 歩7分
都営大江戸線/牛込神楽坂駅 歩15分
","
築3年
6階建
","
											2階",12.65万円,15000円,-,-,1DK,26.98m2
ハーモニーレジデンス神楽坂ヒルズセカンド,東京都新宿区山吹町,"
東京メトロ有楽町線/江戸川橋駅 歩5分
東京メトロ東西線/神楽坂駅 歩7分
都営大江戸線/牛込神楽坂駅 歩15分
","
築3年
6階建
","
											4階",12.75万円,15000円,-,-,1DK,25.8m2
ハーモニーレジデンス神楽坂ヒルズセカンド,東京都新宿区山吹町,"
東京メトロ有楽町線/江戸川橋駅 歩5分
東京メトロ東西線/神楽坂駅 歩7分
都営大江戸線/牛込神楽坂駅 歩15分
","
築3年
6階建
","
											4階",12.75万円,15000円,-,-,1DK,25.8m2
ハーモニーレジデンス新宿THE NORTH,東京都新宿区北新宿１,"
ＪＲ中央線/大久保駅 歩6分
ＪＲ山手線/新大久保駅 歩10分
ＪＲ山手線/新宿駅 歩15分
","
築3年
5階建
","
											1階",12.2万円,15000円,12.2万円,12.2万円,1DK,25.5m2
ハーモニーレジデンス新宿THE NORTH,東京都新宿区北新宿１,"
ＪＲ中央線/大久保駅 歩6分
ＪＲ山手線/新大久保駅 歩10分
ＪＲ山手線/新宿駅 歩15分
","
築3年
5階建
","
											1階",12.7万円,15000円,-,-,1DK,25.5m2
ハーモニーレジデンス新宿THE NORTH,東京都新宿区北新宿１,"
ＪＲ中央線/大久保駅 歩6分
ＪＲ山手線/新大久保駅 歩10分
ＪＲ山手線/新宿駅 歩15分
","
築3年
5階建
","
											2階",12.85万円,15000円,-,12.85万円,1K,25.51m2
ハーモニーレジデンス新宿THE NORTH,東京都新宿区北新宿１,"
ＪＲ中央線/大久保駅 歩6分
ＪＲ山手線/新大久保駅 歩10分
ＪＲ山手線/新宿駅 歩15分
","
築3年
5階建
","
											5階",20.45万円,20000円,20.45万円,20.45万円,1LDK,40.65m2
ハーモニーレジデンス新宿THE NORTH,東京都新宿区北新宿１,"
ＪＲ中央線/大久保駅 歩6分
ＪＲ山手線/新大久保駅 歩10分
ＪＲ山手線/新宿駅 歩15分
","
築3年
5階建
","
											5階",20.45万円,20000円,20.45万円,20.45万円,1SLDK,40.65m2
ハーモニーレジデンス新宿THE NORTH,東京都新宿区北新宿１,"
ＪＲ中央線/大久保駅 歩6分
ＪＲ山手線/新大久保駅 歩10分
ＪＲ山手線/新宿駅 歩15分
","
築3年
5階建
","
											5階",21.45万円,20000円,-,-,1DK,40.65m2
ロックハイツ,東京都新宿区西落合１,"
都営大江戸線/落合南長崎駅 歩5分
西武池袋線/東長崎駅 歩13分
西武新宿線/中井駅 歩16分
","
築30年
7階建
","
											2階",10.6万円,9000円,10.6万円,10.6万円,2DK,43.75m2
ロックハイツ,東京都新宿区西落合１,"
都営大江戸線/落合南長崎駅 歩5分
西武池袋線/東長崎駅 歩13分
西武新宿線/中井駅 歩16分
","
築30年
7階建
","
											4階",10.7万円,9000円,10.7万円,10.7万円,2DK,43.75m2
ロックハイツ,東京都新宿区西落合１,"
都営大江戸線/落合南長崎駅 歩5分
西武池袋線/東長崎駅 歩13分
西武新宿線/中井駅 歩16分
","
築30年
7階建
","
											2階",10.7万円,9000円,10.7万円,10.7万円,2DK,43.75m2
ロックハイツ,東京都新宿区西落合１,"
都営大江戸線/落合南長崎駅 歩5分
西武池袋線/東長崎駅 歩13分
西武新宿線/中井駅 歩16分
","
築30年
7階建
","
											3階",11万円,9000円,11万円,11万円,2DK,43.75m2
ロックハイツ,東京都新宿区西落合１,"
都営大江戸線/落合南長崎駅 歩5分
西武池袋線/東長崎駅 歩13分
西武新宿線/中井駅 歩16分
","
築30年
7階建
","
											4階",11.3万円,9000円,11.3万円,11.3万円,2DK,43.75m2
ロックハイツ,東京都新宿区西落合１,"
都営大江戸線/落合南長崎駅 歩5分
西武池袋線/東長崎駅 歩13分
西武新宿線/中井駅 歩16分
","
築30年
7階建
","
											7階",12.8万円,9000円,12.8万円,12.8万円,2DK,43.75m2
プライムメゾン早稲田通り,東京都新宿区早稲田町,"
東京メトロ東西線/早稲田駅 歩3分
都営大江戸線/牛込柳町駅 歩12分
東京メトロ有楽町線/江戸川橋駅 歩12分
","
築3年
11階建
","
											6階",12.5万円,10000円,12.5万円,-,1K,25m2
プライムメゾン早稲田通り,東京都新宿区早稲田町,"
東京メトロ東西線/早稲田駅 歩3分
都営大江戸線/牛込柳町駅 歩12分
東京メトロ有楽町線/江戸川橋駅 歩12分
","
築3年
11階建
","
											10階",15.4万円,10000円,15.4万円,-,ワンルーム,25.02m2
プライムメゾン早稲田通り,東京都新宿区早稲田町,"
東京メトロ東西線/早稲田駅 歩3分
都営大江戸線/牛込柳町駅 歩12分
東京メトロ有楽町線/江戸川橋駅 歩12分
","
築3年
11階建
","
											10階",15.4万円,10000円,15.4万円,-,ワンルーム,25m2
プライムメゾン早稲田通り,東京都新宿区早稲田町,"
東京メトロ東西線/早稲田駅 歩3分
都営大江戸線/牛込柳町駅 歩12分
東京メトロ有楽町線/江戸川橋駅 歩12分
","
築3年
11階建
","
											6階",18.7万円,15000円,18.7万円,-,1LDK,40.26m2
プライムメゾン早稲田通り,東京都新宿区早稲田町,"
東京メトロ東西線/早稲田駅 歩3分
都営大江戸線/牛込柳町駅 歩12分
東京メトロ有楽町線/江戸川橋駅 歩12分
","
築3年
11階建
","
											8階",18.9万円,15000円,18.9万円,-,1LDK,40.26m2
プライムメゾン早稲田通り,東京都新宿区早稲田町,"
東京メトロ東西線/早稲田駅 歩3分
都営大江戸線/牛込柳町駅 歩12分
東京メトロ有楽町線/江戸川橋駅 歩12分
","
築3年
11階建
","
											11階",33万円,15000円,33万円,33万円,1LDK,49.4m2
ディームス神楽坂2,東京都新宿区西五軒町,"
東京メトロ東西線/神楽坂駅 歩5分
東京メトロ有楽町線/江戸川橋駅 歩8分
都営大江戸線/牛込神楽坂駅 歩8分
","
築4年
7階建
","
											1階",11.1万円,10000円,-,-,1K,25.05m2
ディームス神楽坂2,東京都新宿区西五軒町,"
東京メトロ東西線/神楽坂駅 歩5分
東京メトロ有楽町線/江戸川橋駅 歩8分
都営大江戸線/牛込神楽坂駅 歩8分
","
築4年
7階建
","
											1階",11.1万円,10000円,-,-,1K,25.01m2
ディームス神楽坂2,東京都新宿区西五軒町,"
東京メトロ東西線/神楽坂駅 歩5分
東京メトロ有楽町線/江戸川橋駅 歩8分
都営大江戸線/牛込神楽坂駅 歩8分
","
築4年
7階建
","
											3階",11.7万円,10000円,-,-,1K,25.05m2
ディームス神楽坂2,東京都新宿区西五軒町,"
東京メトロ東西線/神楽坂駅 歩5分
東京メトロ有楽町線/江戸川橋駅 歩8分
都営大江戸線/牛込神楽坂駅 歩8分
","
築4年
7階建
","
											4階",11.8万円,10000円,-,-,1K,25.09m2
ディームス神楽坂2,東京都新宿区西五軒町,"
東京メトロ東西線/神楽坂駅 歩5分
東京メトロ有楽町線/江戸川橋駅 歩8分
都営大江戸線/牛込神楽坂駅 歩8分
","
築4年
7階建
","
											4階",11.8万円,10000円,-,-,1K,25.05m2
ディームス神楽坂2,東京都新宿区西五軒町,"
東京メトロ東西線/神楽坂駅 歩5分
東京メトロ有楽町線/江戸川橋駅 歩8分
都営大江戸線/牛込神楽坂駅 歩8分
","
築4年
7階建
","
											4階",11.8万円,10000円,-,-,1K,25.05m2
ディームス神楽坂2,東京都新宿区西五軒町,"
東京メトロ東西線/神楽坂駅 歩5分
東京メトロ有楽町線/江戸川橋駅 歩8分
都営大江戸線/牛込神楽坂駅 歩8分
","
築4年
7階建
","
											4階",11.8万円,10000円,-,-,1K,25.01m2
ディームス神楽坂2,東京都新宿区西五軒町,"
東京メトロ東西線/神楽坂駅 歩5分
東京メトロ有楽町線/江戸川橋駅 歩8分
都営大江戸線/牛込神楽坂駅 歩8分
","
築4年
7階建
","
											7階",12万円,10000円,-,-,1K,25.01m2
ディームス神楽坂2,東京都新宿区西五軒町,"
東京メトロ東西線/神楽坂駅 歩5分
東京メトロ有楽町線/江戸川橋駅 歩8分
都営大江戸線/牛込神楽坂駅 歩8分
","
築4年
7階建
","
											3階",20.6万円,15000円,20.6万円,-,1LDK,40.1m2
ディームス神楽坂2,東京都新宿区西五軒町,"
東京メトロ東西線/神楽坂駅 歩5分
東京メトロ有楽町線/江戸川橋駅 歩8分
都営大江戸線/牛込神楽坂駅 歩8分
","
築4年
7階建
","
											5階",21.3万円,15000円,-,-,1LDK,40.07m2
ディームス神楽坂2,東京都新宿区西五軒町,"
東京メトロ東西線/神楽坂駅 歩5分
東京メトロ有楽町線/江戸川橋駅 歩8分
都営大江戸線/牛込神楽坂駅 歩8分
","
築4年
7階建
","
											5階",21.3万円,15000円,-,-,1LDK,40.07m2
ベルティーセ新宿,東京都新宿区西新宿７,"
西武新宿線/西武新宿駅 歩3分
ＪＲ中央線/大久保駅 歩3分
ＪＲ山手線/新宿駅 歩9分
","
築3年
9階建
","
											6階",17万円,10000円,17万円,-,1LDK,40.88m2
ベルティーセ新宿,東京都新宿区西新宿７,"
西武新宿線/西武新宿駅 歩3分
ＪＲ中央線/大久保駅 歩3分
ＪＲ山手線/新宿駅 歩9分
","
築3年
9階建
","
											4階",18.5万円,10000円,18.5万円,-,1LDK,44.06m2
ベルティーセ新宿,東京都新宿区西新宿７,"
西武新宿線/西武新宿駅 歩3分
ＪＲ中央線/大久保駅 歩3分
ＪＲ山手線/新宿駅 歩9分
","
築3年
9階建
","
											6階",19.5万円,10000円,19.5万円,-,1LDK,46.42m2
ディームス神楽坂1,東京都新宿区西五軒町,"
東京メトロ東西線/神楽坂駅 歩5分
東京メトロ有楽町線/江戸川橋駅 歩8分
都営大江戸線/牛込神楽坂駅 歩8分
","
築4年
9階建
","
											1階",11.5万円,10000円,-,-,1K,25m2
ディームス神楽坂1,東京都新宿区西五軒町,"
東京メトロ東西線/神楽坂駅 歩5分
東京メトロ有楽町線/江戸川橋駅 歩8分
都営大江戸線/牛込神楽坂駅 歩8分
","
築4年
9階建
","
											1階",11.5万円,10000円,-,-,1K,25m2
ディームス神楽坂1,東京都新宿区西五軒町,"
東京メトロ東西線/神楽坂駅 歩5分
東京メトロ有楽町線/江戸川橋駅 歩8分
都営大江戸線/牛込神楽坂駅 歩8分
","
築4年
9階建
","
											2階",11.8万円,10000円,-,-,1K,25.09m2
ディームス神楽坂1,東京都新宿区西五軒町,"
東京メトロ東西線/神楽坂駅 歩5分
東京メトロ有楽町線/江戸川橋駅 歩8分
都営大江戸線/牛込神楽坂駅 歩8分
","
築4年
9階建
","
											4階",12.1万円,10000円,-,-,1K,25m2
ディームス神楽坂1,東京都新宿区西五軒町,"
東京メトロ東西線/神楽坂駅 歩5分
東京メトロ有楽町線/江戸川橋駅 歩8分
都営大江戸線/牛込神楽坂駅 歩8分
","
築4年
9階建
","
											6階",12.2万円,10000円,-,-,1K,25.09m2
ディームス神楽坂1,東京都新宿区西五軒町,"
東京メトロ東西線/神楽坂駅 歩5分
東京メトロ有楽町線/江戸川橋駅 歩8分
都営大江戸線/牛込神楽坂駅 歩8分
","
築4年
9階建
","
											7階",12.2万円,10000円,-,-,1K,25m2
ディームス神楽坂1,東京都新宿区西五軒町,"
東京メトロ東西線/神楽坂駅 歩5分
東京メトロ有楽町線/江戸川橋駅 歩8分
都営大江戸線/牛込神楽坂駅 歩8分
","
築4年
9階建
","
											6階",12.2万円,10000円,-,-,1K,25m2
ディームス神楽坂1,東京都新宿区西五軒町,"
東京メトロ東西線/神楽坂駅 歩5分
東京メトロ有楽町線/江戸川橋駅 歩8分
都営大江戸線/牛込神楽坂駅 歩8分
","
築4年
9階建
","
											6階",12.2万円,10000円,-,-,1K,25m2
ディームス神楽坂1,東京都新宿区西五軒町,"
東京メトロ東西線/神楽坂駅 歩5分
東京メトロ有楽町線/江戸川橋駅 歩8分
都営大江戸線/牛込神楽坂駅 歩8分
","
築4年
9階建
","
											6階",12.2万円,10000円,12.2万円,-,1K,25m2
ディームス神楽坂1,東京都新宿区西五軒町,"
東京メトロ東西線/神楽坂駅 歩5分
東京メトロ有楽町線/江戸川橋駅 歩8分
都営大江戸線/牛込神楽坂駅 歩8分
","
築4年
9階建
","
											7階",12.3万円,10000円,-,-,1K,25.09m2
ディームス神楽坂1,東京都新宿区西五軒町,"
東京メトロ東西線/神楽坂駅 歩5分
東京メトロ有楽町線/江戸川橋駅 歩8分
都営大江戸線/牛込神楽坂駅 歩8分
","
築4年
9階建
","
											1階",19.4万円,15000円,-,-,1LDK,40.06m2
ディームス神楽坂1,東京都新宿区西五軒町,"
東京メトロ東西線/神楽坂駅 歩5分
東京メトロ有楽町線/江戸川橋駅 歩8分
都営大江戸線/牛込神楽坂駅 歩8分
","
築4年
9階建
","
											1階",20.3万円,15000円,-,-,1LDK,40.06m2
ディームス神楽坂1,東京都新宿区西五軒町,"
東京メトロ東西線/神楽坂駅 歩5分
東京メトロ有楽町線/江戸川橋駅 歩8分
都営大江戸線/牛込神楽坂駅 歩8分
","
築4年
9階建
","
											1階",20.3万円,15000円,20.3万円,-,1LDK,40.06m2
ディームス神楽坂1,東京都新宿区西五軒町,"
東京メトロ東西線/神楽坂駅 歩5分
東京メトロ有楽町線/江戸川橋駅 歩8分
都営大江戸線/牛込神楽坂駅 歩8分
","
築4年
9階建
","
											6階",21.3万円,15000円,21.3万円,-,1LDK,40.06m2
ディームス神楽坂1,東京都新宿区西五軒町,"
東京メトロ東西線/神楽坂駅 歩5分
東京メトロ有楽町線/江戸川橋駅 歩8分
都営大江戸線/牛込神楽坂駅 歩8分
","
築4年
9階建
","
											5階",21.8万円,15000円,-,-,1LDK,40.06m2
アーバネックス西新宿,東京都新宿区北新宿１,"
東京メトロ丸ノ内線/西新宿駅 歩6分
ＪＲ中央線/大久保駅 歩9分
西武新宿線/西武新宿駅 歩11分
","
築7年
13階建
","
											2階",11.6万円,10000円,11.6万円,-,1K,25.66m2
アーバネックス西新宿,東京都新宿区北新宿１,"
東京メトロ丸ノ内線/西新宿駅 歩6分
ＪＲ中央線/大久保駅 歩9分
西武新宿線/西武新宿駅 歩11分
","
築7年
13階建
","
											3階",11.6万円,10000円,11.6万円,-,1K,25.13m2
アーバネックス西新宿,東京都新宿区北新宿１,"
東京メトロ丸ノ内線/西新宿駅 歩6分
ＪＲ中央線/大久保駅 歩9分
西武新宿線/西武新宿駅 歩11分
","
築7年
13階建
","
											5階",11.6万円,10000円,11.6万円,-,1K,25.13m2
アーバネックス西新宿,東京都新宿区北新宿１,"
東京メトロ丸ノ内線/西新宿駅 歩6分
ＪＲ中央線/大久保駅 歩9分
西武新宿線/西武新宿駅 歩11分
","
築7年
13階建
","
											5階",11.6万円,12000円,11.6万円,-,1K,25.13m2
アーバネックス西新宿,東京都新宿区北新宿１,"
東京メトロ丸ノ内線/西新宿駅 歩6分
ＪＲ中央線/大久保駅 歩9分
西武新宿線/西武新宿駅 歩11分
","
築7年
13階建
","
											6階",11.9万円,10000円,11.9万円,-,1K,25.13m2
アーバネックス西新宿,東京都新宿区北新宿１,"
東京メトロ丸ノ内線/西新宿駅 歩6分
ＪＲ中央線/大久保駅 歩9分
西武新宿線/西武新宿駅 歩11分
","
築7年
13階建
","
											7階",12万円,10000円,12万円,-,1K,25.13m2
アーバネックス西新宿,東京都新宿区北新宿１,"
東京メトロ丸ノ内線/西新宿駅 歩6分
ＪＲ中央線/大久保駅 歩9分
西武新宿線/西武新宿駅 歩11分
","
築7年
13階建
","
											12階",13.9万円,10000円,13.9万円,-,1DK,25.3m2
アーバネックス西新宿,東京都新宿区北新宿１,"
東京メトロ丸ノ内線/西新宿駅 歩6分
ＪＲ中央線/大久保駅 歩9分
西武新宿線/西武新宿駅 歩11分
","
築7年
13階建
","
											12階",13.9万円,15000円,13.9万円,-,1LDK,32.03m2
アーバネックス西新宿,東京都新宿区北新宿１,"
東京メトロ丸ノ内線/西新宿駅 歩6分
ＪＲ中央線/大久保駅 歩9分
西武新宿線/西武新宿駅 歩11分
","
築7年
13階建
","
											13階",14.3万円,15000円,14.3万円,-,1LDK,25.34m2
アーバネックス西新宿,東京都新宿区北新宿１,"
東京メトロ丸ノ内線/西新宿駅 歩6分
ＪＲ中央線/大久保駅 歩9分
西武新宿線/西武新宿駅 歩11分
","
築7年
13階建
","
											3階",14.7万円,12000円,14.7万円,-,1LDK,32.03m2
アーバネックス西新宿,東京都新宿区北新宿１,"
東京メトロ丸ノ内線/西新宿駅 歩6分
ＪＲ中央線/大久保駅 歩9分
西武新宿線/西武新宿駅 歩11分
","
築7年
13階建
","
											7階",15万円,12000円,15万円,-,1LDK,32.11m2
東京メトロ丸ノ内線 西新宿駅 13階建 築7年,東京都新宿区北新宿１,"
東京メトロ丸ノ内線/西新宿駅 歩5分
都営大江戸線/都庁前駅 歩10分
ＪＲ総武線/大久保駅 歩9分
","
築7年
13階建
","
											2階",11.6万円,10000円,11.6万円,-,1K,25.66m2
東京メトロ丸ノ内線 西新宿駅 13階建 築7年,東京都新宿区北新宿１,"
東京メトロ丸ノ内線/西新宿駅 歩5分
都営大江戸線/都庁前駅 歩10分
ＪＲ総武線/大久保駅 歩9分
","
築7年
13階建
","
											3階",11.6万円,10000円,11.6万円,-,1K,25.13m2
東京メトロ丸ノ内線 西新宿駅 13階建 築7年,東京都新宿区北新宿１,"
東京メトロ丸ノ内線/西新宿駅 歩5分
都営大江戸線/都庁前駅 歩10分
ＪＲ総武線/大久保駅 歩9分
","
築7年
13階建
","
											5階",11.6万円,12000円,11.6万円,-,1K,25.13m2
東京メトロ丸ノ内線 西新宿駅 13階建 築7年,東京都新宿区北新宿１,"
東京メトロ丸ノ内線/西新宿駅 歩5分
都営大江戸線/都庁前駅 歩10分
ＪＲ総武線/大久保駅 歩9分
","
築7年
13階建
","
											6階",11.9万円,10000円,11.9万円,-,1K,25.13m2
東京メトロ丸ノ内線 西新宿駅 13階建 築7年,東京都新宿区北新宿１,"
東京メトロ丸ノ内線/西新宿駅 歩5分
都営大江戸線/都庁前駅 歩10分
ＪＲ総武線/大久保駅 歩9分
","
築7年
13階建
","
											7階",12万円,10000円,12万円,-,1K,25.13m2
東京メトロ丸ノ内線 西新宿駅 13階建 築7年,東京都新宿区北新宿１,"
東京メトロ丸ノ内線/西新宿駅 歩5分
都営大江戸線/都庁前駅 歩10分
ＪＲ総武線/大久保駅 歩9分
","
築7年
13階建
","
											10階",12.6万円,10000円,12.6万円,-,1K,25.66m2
メゾンカルム西新宿,東京都新宿区西新宿４,"
都営大江戸線/西新宿五丁目駅 歩5分
京王新線/初台駅 歩12分
都営大江戸線/都庁前駅 歩12分
","
築13年
5階建
","
											1階",10.3万円,4000円,10.3万円,-,1K,26.42m2
メゾンカルム西新宿,東京都新宿区西新宿４,"
都営大江戸線/西新宿五丁目駅 歩5分
京王新線/初台駅 歩12分
都営大江戸線/都庁前駅 歩12分
","
築13年
5階建
","
											1階",10.3万円,6000円,10.3万円,-,1K,26.42m2
メゾンカルム西新宿,東京都新宿区西新宿４,"
都営大江戸線/西新宿五丁目駅 歩5分
京王新線/初台駅 歩12分
都営大江戸線/都庁前駅 歩12分
","
築13年
5階建
","
											3階",11万円,6000円,11万円,11万円,1K,26.42m2
メゾンカルム西新宿,東京都新宿区西新宿４,"
都営大江戸線/西新宿五丁目駅 歩5分
京王新線/初台駅 歩12分
都営大江戸線/都庁前駅 歩12分
","
築13年
5階建
","
											2階",15.4万円,7000円,15.4万円,15.4万円,1LDK,41.75m2
リリエンベルグ目白壱番館,東京都新宿区下落合３,"
ＪＲ山手線/目白駅 歩7分
西武池袋線/椎名町駅 歩11分
ＪＲ山手線/高田馬場駅 歩19分
","
築18年
11階建
","
											2階",12.5万円,12000円,-,-,1DK,32.04m2
リリエンベルグ目白壱番館,東京都新宿区下落合３,"
ＪＲ山手線/目白駅 歩7分
西武池袋線/椎名町駅 歩11分
ＪＲ山手線/高田馬場駅 歩19分
","
築18年
11階建
","
											6階",12.5万円,12000円,-,-,1K,30.12m2
リリエンベルグ目白壱番館,東京都新宿区下落合３,"
ＪＲ山手線/目白駅 歩7分
西武池袋線/椎名町駅 歩11分
ＪＲ山手線/高田馬場駅 歩19分
","
築18年
11階建
","
											6階",12.6万円,12000円,-,-,1DK,30.84m2
リリエンベルグ目白壱番館,東京都新宿区下落合３,"
ＪＲ山手線/目白駅 歩7分
西武池袋線/椎名町駅 歩11分
ＪＲ山手線/高田馬場駅 歩19分
","
築18年
11階建
","
											8階",12.6万円,12000円,-,-,1K,30.12m2
リリエンベルグ目白壱番館,東京都新宿区下落合３,"
ＪＲ山手線/目白駅 歩7分
西武池袋線/椎名町駅 歩11分
ＪＲ山手線/高田馬場駅 歩19分
","
築18年
11階建
","
											6階",12.7万円,12000円,-,-,1DK,30.84m2
リリエンベルグ目白壱番館,東京都新宿区下落合３,"
ＪＲ山手線/目白駅 歩7分
西武池袋線/椎名町駅 歩11分
ＪＲ山手線/高田馬場駅 歩19分
","
築18年
11階建
","
											6階",12.7万円,12000円,-,-,1K,30.12m2
リリエンベルグ目白壱番館,東京都新宿区下落合３,"
ＪＲ山手線/目白駅 歩7分
西武池袋線/椎名町駅 歩11分
ＪＲ山手線/高田馬場駅 歩19分
","
築18年
11階建
","
											3階",12.8万円,12000円,-,-,1LDK,30.12m2
リリエンベルグ目白壱番館,東京都新宿区下落合３,"
ＪＲ山手線/目白駅 歩7分
西武池袋線/椎名町駅 歩11分
ＪＲ山手線/高田馬場駅 歩19分
","
築18年
11階建
","
											8階",12.8万円,12000円,-,-,1K,30.12m2
リリエンベルグ目白壱番館,東京都新宿区下落合３,"
ＪＲ山手線/目白駅 歩7分
西武池袋線/椎名町駅 歩11分
ＪＲ山手線/高田馬場駅 歩19分
","
築18年
11階建
","
											9階",12.9万円,12000円,-,-,1K,32.4m2
リリエンベルグ目白壱番館,東京都新宿区下落合３,"
ＪＲ山手線/目白駅 歩7分
西武池袋線/椎名町駅 歩11分
ＪＲ山手線/高田馬場駅 歩19分
","
築18年
11階建
","
											3階",13万円,12000円,-,-,1LDK,30.12m2
リリエンベルグ目白壱番館,東京都新宿区下落合３,"
ＪＲ山手線/目白駅 歩7分
西武池袋線/椎名町駅 歩11分
ＪＲ山手線/高田馬場駅 歩19分
","
築18年
11階建
","
											9階",13.1万円,12000円,-,-,1K,32.4m2
リリエンベルグ目白壱番館,東京都新宿区下落合３,"
ＪＲ山手線/目白駅 歩7分
西武池袋線/椎名町駅 歩11分
ＪＲ山手線/高田馬場駅 歩19分
","
築18年
11階建
","
											8階",13.1万円,12000円,-,-,1DK,32.04m2
リリエンベルグ目白壱番館,東京都新宿区下落合３,"
ＪＲ山手線/目白駅 歩7分
西武池袋線/椎名町駅 歩11分
ＪＲ山手線/高田馬場駅 歩19分
","
築18年
11階建
","
											8階",13.2万円,12000円,-,-,1DK,32.04m2
リリエンベルグ目白壱番館,東京都新宿区下落合３,"
ＪＲ山手線/目白駅 歩7分
西武池袋線/椎名町駅 歩11分
ＪＲ山手線/高田馬場駅 歩19分
","
築18年
11階建
","
											11階",13.8万円,12000円,-,-,1K,32.4m2
ハーモニーレジデンス神楽坂ヒルズファースト,東京都新宿区山吹町,"
東京メトロ有楽町線/江戸川橋駅 歩6分
東京メトロ東西線/神楽坂駅 歩8分
東京メトロ東西線/早稲田駅 歩13分
","
築3年
5階建
","
											1階",11.3万円,12000円,-,-,1DK,25.65m2
都営大江戸線 西新宿五丁目駅 5階建 築24年,東京都新宿区西新宿５,"
都営大江戸線/西新宿五丁目駅 歩6分
都営大江戸線/中野坂上駅 歩10分
東京メトロ丸ノ内線/中野坂上駅 歩12分
","
築24年
5階建
","
											4階",13.3万円,5000円,13.3万円,-,1LDK,39.34m2
ルーブル新宿原町,東京都新宿区原町３,"
都営大江戸線/若松河田駅 歩4分
東京メトロ東西線/早稲田駅 歩11分
都営大江戸線/牛込柳町駅 歩4分
","
築6年
12階建
","
											4階",10万円,9000円,-,10万円,1K,25.69m2
クロスレジデンス飯田橋,東京都新宿区新小川町,"
東京メトロ有楽町線/飯田橋駅 歩4分
東京メトロ丸ノ内線/後楽園駅 歩11分
都営大江戸線/牛込神楽坂駅 歩10分
","
築4年
13階建
","
											2階",12.3万円,10000円,12.3万円,-,1K,25.88m2
クロスレジデンス飯田橋,東京都新宿区新小川町,"
東京メトロ有楽町線/飯田橋駅 歩4分
東京メトロ丸ノ内線/後楽園駅 歩11分
都営大江戸線/牛込神楽坂駅 歩10分
","
築4年
13階建
","
											2階",12.5万円,10000円,12.5万円,-,1K,25.88m2
クロスレジデンス飯田橋,東京都新宿区新小川町,"
東京メトロ有楽町線/飯田橋駅 歩4分
東京メトロ丸ノ内線/後楽園駅 歩11分
都営大江戸線/牛込神楽坂駅 歩10分
","
築4年
13階建
","
											4階",12.5万円,10000円,12.5万円,-,1K,25.88m2
クロスレジデンス飯田橋,東京都新宿区新小川町,"
東京メトロ有楽町線/飯田橋駅 歩4分
東京メトロ丸ノ内線/後楽園駅 歩11分
都営大江戸線/牛込神楽坂駅 歩10分
","
築4年
13階建
","
											10階",12.7万円,10000円,12.7万円,-,1K,26.32m2
クロスレジデンス飯田橋,東京都新宿区新小川町,"
東京メトロ有楽町線/飯田橋駅 歩4分
東京メトロ丸ノ内線/後楽園駅 歩11分
都営大江戸線/牛込神楽坂駅 歩10分
","
築4年
13階建
","
											1階",23.9万円,15000円,23.9万円,-,2LDK,52.16m2
クロスレジデンス飯田橋,東京都新宿区新小川町,"
東京メトロ有楽町線/飯田橋駅 歩4分
東京メトロ丸ノ内線/後楽園駅 歩11分
都営大江戸線/牛込神楽坂駅 歩10分
","
築4年
13階建
","
											2階",24.4万円,15000円,24.4万円,-,2LDK,52.2m2
クロスレジデンス飯田橋,東京都新宿区新小川町,"
東京メトロ有楽町線/飯田橋駅 歩4分
東京メトロ丸ノ内線/後楽園駅 歩11分
都営大江戸線/牛込神楽坂駅 歩10分
","
築4年
13階建
","
											2階",24.4万円,15000円,24.4万円,-,2LDK,52.2m2
クロスレジデンス飯田橋,東京都新宿区新小川町,"
東京メトロ有楽町線/飯田橋駅 歩4分
東京メトロ丸ノ内線/後楽園駅 歩11分
都営大江戸線/牛込神楽坂駅 歩10分
","
築4年
13階建
","
											2階",24.4万円,15000円,24.4万円,-,2LDK,52.2m2
クロスレジデンス飯田橋,東京都新宿区新小川町,"
東京メトロ有楽町線/飯田橋駅 歩4分
東京メトロ丸ノ内線/後楽園駅 歩11分
都営大江戸線/牛込神楽坂駅 歩10分
","
築4年
13階建
","
											1階",25万円,15000円,25万円,-,2LDK,52.16m2
クロスレジデンス飯田橋,東京都新宿区新小川町,"
東京メトロ有楽町線/飯田橋駅 歩4分
東京メトロ丸ノ内線/後楽園駅 歩11分
都営大江戸線/牛込神楽坂駅 歩10分
","
築4年
13階建
","
											2階",25.4万円,15000円,25.4万円,-,2LDK,50.8m2
クロスレジデンス飯田橋,東京都新宿区新小川町,"
東京メトロ有楽町線/飯田橋駅 歩4分
東京メトロ丸ノ内線/後楽園駅 歩11分
都営大江戸線/牛込神楽坂駅 歩10分
","
築4年
13階建
","
											2階",25.5万円,15000円,25.5万円,-,2LDK,52.2m2
クロスレジデンス飯田橋,東京都新宿区新小川町,"
東京メトロ有楽町線/飯田橋駅 歩4分
東京メトロ丸ノ内線/後楽園駅 歩11分
都営大江戸線/牛込神楽坂駅 歩10分
","
築4年
13階建
","
											12階",26.9万円,15000円,26.9万円,-,2LDK,52.16m2
クロスレジデンス飯田橋,東京都新宿区新小川町,"
東京メトロ有楽町線/飯田橋駅 歩4分
東京メトロ丸ノ内線/後楽園駅 歩11分
都営大江戸線/牛込神楽坂駅 歩10分
","
築4年
13階建
","
											10階",27.4万円,15000円,27.4万円,-,2LDK,52.16m2
クロスレジデンス飯田橋,東京都新宿区新小川町,"
東京メトロ有楽町線/飯田橋駅 歩4分
東京メトロ丸ノ内線/後楽園駅 歩11分
都営大江戸線/牛込神楽坂駅 歩10分
","
築4年
13階建
","
											11階",27.6万円,15000円,27.6万円,-,2LDK,52.16m2
リノ西落合,東京都新宿区西落合４,"
西武池袋線/東長崎駅 歩5分
都営大江戸線/落合南長崎駅 歩6分
西武新宿線/中井駅 歩11分
","
築4年
5階建
","
											5階",8万円,7000円,-,-,ワンルーム,21.66m2
リノ西落合,東京都新宿区西落合４,"
西武池袋線/東長崎駅 歩5分
都営大江戸線/落合南長崎駅 歩6分
西武新宿線/中井駅 歩11分
","
築4年
5階建
","
											4階",8万円,7000円,-,-,ワンルーム,21.66m2
リノ西落合,東京都新宿区西落合４,"
西武池袋線/東長崎駅 歩5分
都営大江戸線/落合南長崎駅 歩6分
西武新宿線/中井駅 歩11分
","
築4年
5階建
","
											4階",8万円,8000円,-,-,ワンルーム,21.66m2
リノ西落合,東京都新宿区西落合４,"
西武池袋線/東長崎駅 歩5分
都営大江戸線/落合南長崎駅 歩6分
西武新宿線/中井駅 歩11分
","
築4年
5階建
","
											5階",8万円,8000円,-,-,ワンルーム,21.66m2
ビューノ北新宿,東京都新宿区北新宿４,"
ＪＲ中央線/東中野駅 歩9分
東京メトロ東西線/落合駅 歩10分
ＪＲ中央線/大久保駅 歩13分
","
築7年
3階建
","
											1階",12万円,-,12万円,12万円,1LDK,40.7m2
ビューノ北新宿,東京都新宿区北新宿４,"
ＪＲ中央線/東中野駅 歩9分
東京メトロ東西線/落合駅 歩10分
ＪＲ中央線/大久保駅 歩13分
","
築7年
3階建
","
											1階",12.1万円,-,12.1万円,12.1万円,1LDK,40.7m2
プレミアムキューブG北新宿,東京都新宿区北新宿４,"
ＪＲ山手線/新大久保駅 歩10分
ＪＲ中央線/大久保駅 歩6分
東京メトロ丸ノ内線/新宿駅 歩20分
","
築5年
8階建
","
											3階",10.85万円,15000円,10.85万円,21.7万円,1K,25.28m2
プレミアムキューブG北新宿,東京都新宿区北新宿４,"
ＪＲ山手線/新大久保駅 歩10分
ＪＲ中央線/大久保駅 歩6分
東京メトロ丸ノ内線/新宿駅 歩20分
","
築5年
8階建
","
											4階",10.9万円,15000円,10.9万円,21.8万円,1K,25.28m2
プレミアムキューブG北新宿,東京都新宿区北新宿４,"
ＪＲ山手線/新大久保駅 歩10分
ＪＲ中央線/大久保駅 歩6分
東京メトロ丸ノ内線/新宿駅 歩20分
","
築5年
8階建
","
											5階",11.15万円,15000円,11.15万円,22.3万円,1K,25.28m2
プレミアムキューブG北新宿,東京都新宿区北新宿４,"
ＪＲ山手線/新大久保駅 歩10分
ＪＲ中央線/大久保駅 歩6分
東京メトロ丸ノ内線/新宿駅 歩20分
","
築5年
8階建
","
											6階",11.3万円,15000円,11.3万円,22.6万円,1K,25.28m2
プレミアムキューブG北新宿,東京都新宿区北新宿４,"
ＪＲ山手線/新大久保駅 歩10分
ＪＲ中央線/大久保駅 歩6分
東京メトロ丸ノ内線/新宿駅 歩20分
","
築5年
8階建
","
											3階",11.35万円,15000円,-,-,1K,25.28m2
プレミアムキューブG北新宿,東京都新宿区北新宿４,"
ＪＲ山手線/新大久保駅 歩10分
ＪＲ中央線/大久保駅 歩6分
東京メトロ丸ノ内線/新宿駅 歩20分
","
築5年
8階建
","
											5階",11.6万円,15000円,11.6万円,23.2万円,1K,25.28m2
プレミアムキューブG北新宿,東京都新宿区北新宿４,"
ＪＲ山手線/新大久保駅 歩10分
ＪＲ中央線/大久保駅 歩6分
東京メトロ丸ノ内線/新宿駅 歩20分
","
築5年
8階建
","
											2階",11.65万円,15000円,11.65万円,23.3万円,1K,25.28m2
プレミアムキューブG北新宿,東京都新宿区北新宿４,"
ＪＲ山手線/新大久保駅 歩10分
ＪＲ中央線/大久保駅 歩6分
東京メトロ丸ノ内線/新宿駅 歩20分
","
築5年
8階建
","
											5階",11.65万円,15000円,-,-,1K,25.28m2
プレミアムキューブG北新宿,東京都新宿区北新宿４,"
ＪＲ山手線/新大久保駅 歩10分
ＪＲ中央線/大久保駅 歩6分
東京メトロ丸ノ内線/新宿駅 歩20分
","
築5年
8階建
","
											6階",11.8万円,15000円,-,-,1K,25.28m2
プレミアムキューブG北新宿,東京都新宿区北新宿４,"
ＪＲ山手線/新大久保駅 歩10分
ＪＲ中央線/大久保駅 歩6分
東京メトロ丸ノ内線/新宿駅 歩20分
","
築5年
8階建
","
											5階",12.1万円,15000円,-,-,1K,25.28m2
プレミアムキューブG北新宿,東京都新宿区北新宿４,"
ＪＲ山手線/新大久保駅 歩10分
ＪＲ中央線/大久保駅 歩6分
東京メトロ丸ノ内線/新宿駅 歩20分
","
築5年
8階建
","
											2階",12.15万円,15000円,-,-,1K,25.28m2
東京メトロ丸ノ内線 西新宿駅 13階建 築8年,東京都新宿区北新宿１,"
東京メトロ丸ノ内線/西新宿駅 歩6分


","
築8年
13階建
","
											6階",11.6万円,10000円,11.6万円,11.6万円,1K,25.31m2
東京メトロ丸ノ内線 西新宿駅 13階建 築8年,東京都新宿区北新宿１,"
東京メトロ丸ノ内線/西新宿駅 歩6分


","
築8年
13階建
","
											7階",11.7万円,10000円,11.7万円,11.7万円,1K,25.31m2
東京メトロ丸ノ内線 西新宿駅 13階建 築8年,東京都新宿区北新宿１,"
東京メトロ丸ノ内線/西新宿駅 歩6分


","
築8年
13階建
","
											8階",11.8万円,10000円,11.8万円,11.8万円,1K,25.46m2
東京メトロ丸ノ内線 西新宿駅 13階建 築8年,東京都新宿区北新宿１,"
東京メトロ丸ノ内線/西新宿駅 歩6分


","
築8年
13階建
","
											8階",11.8万円,10000円,11.8万円,11.8万円,1K,25.41m2
東京メトロ丸ノ内線 西新宿駅 13階建 築8年,東京都新宿区北新宿１,"
東京メトロ丸ノ内線/西新宿駅 歩6分


","
築8年
13階建
","
											4階",13万円,10500円,-,13万円,1K,25.46m2
サンハーネス四谷,東京都新宿区若葉１,"
ＪＲ中央線/四ツ谷駅 歩5分
東京メトロ丸ノ内線/四谷三丁目駅 歩11分
ＪＲ中央線/信濃町駅 歩16分
","
築15年
4階建
","
											1階",9.3万円,5500円,9.3万円,9.3万円,ワンルーム,27.27m2
サンハーネス四谷,東京都新宿区若葉１,"
ＪＲ中央線/四ツ谷駅 歩5分
東京メトロ丸ノ内線/四谷三丁目駅 歩11分
ＪＲ中央線/信濃町駅 歩16分
","
築15年
4階建
","
											2階",9.9万円,5000円,9.9万円,-,ワンルーム,27.31m2
サンハーネス四谷,東京都新宿区若葉１,"
ＪＲ中央線/四ツ谷駅 歩5分
東京メトロ丸ノ内線/四谷三丁目駅 歩11分
ＪＲ中央線/信濃町駅 歩16分
","
築15年
4階建
","
											3階",10万円,5000円,10万円,-,ワンルーム,26.28m2
サンハーネス四谷,東京都新宿区若葉１,"
ＪＲ中央線/四ツ谷駅 歩5分
東京メトロ丸ノ内線/四谷三丁目駅 歩11分
ＪＲ中央線/信濃町駅 歩16分
","
築15年
4階建
","
											4階",10.9万円,5000円,10.9万円,10.9万円,ワンルーム,26.57m2
ミリアレジデンス新宿御苑,東京都新宿区新宿５,"
東京メトロ丸ノ内線/新宿御苑前駅 歩6分
ＪＲ山手線/新宿駅 歩15分
都営新宿線/新宿三丁目駅 歩8分
","
新築
14階建
","
											4階",11.6万円,12000円,-,-,ワンルーム,25.01m2
ミリアレジデンス新宿御苑,東京都新宿区新宿５,"
東京メトロ丸ノ内線/新宿御苑前駅 歩6分
ＪＲ山手線/新宿駅 歩15分
都営新宿線/新宿三丁目駅 歩8分
","
新築
14階建
","
											5階",12万円,12000円,-,-,1K,25.03m2
ミリアレジデンス新宿御苑,東京都新宿区新宿５,"
東京メトロ丸ノ内線/新宿御苑前駅 歩6分
ＪＲ山手線/新宿駅 歩15分
都営新宿線/新宿三丁目駅 歩8分
","
新築
14階建
","
											6階",12.1万円,12000円,-,-,1K,25.03m2
ミリアレジデンス新宿御苑,東京都新宿区新宿５,"
東京メトロ丸ノ内線/新宿御苑前駅 歩6分
ＪＲ山手線/新宿駅 歩15分
都営新宿線/新宿三丁目駅 歩8分
","
新築
14階建
","
											7階",12.2万円,12000円,-,-,ワンルーム,25.01m2
ミリアレジデンス新宿御苑,東京都新宿区新宿５,"
東京メトロ丸ノ内線/新宿御苑前駅 歩6分
ＪＲ山手線/新宿駅 歩15分
都営新宿線/新宿三丁目駅 歩8分
","
新築
14階建
","
											8階",12.3万円,12000円,-,-,ワンルーム,25.01m2
ミリアレジデンス新宿御苑,東京都新宿区新宿５,"
東京メトロ丸ノ内線/新宿御苑前駅 歩6分
ＪＲ山手線/新宿駅 歩15分
都営新宿線/新宿三丁目駅 歩8分
","
新築
14階建
","
											9階",12.4万円,12000円,-,-,1K,25.01m2
ミリアレジデンス新宿御苑,東京都新宿区新宿５,"
東京メトロ丸ノ内線/新宿御苑前駅 歩6分
ＪＲ山手線/新宿駅 歩15分
都営新宿線/新宿三丁目駅 歩8分
","
新築
14階建
","
											8階",12.6万円,12000円,-,-,1K,25.03m2
ミリアレジデンス新宿御苑,東京都新宿区新宿５,"
東京メトロ丸ノ内線/新宿御苑前駅 歩6分
ＪＲ山手線/新宿駅 歩15分
都営新宿線/新宿三丁目駅 歩8分
","
新築
14階建
","
											9階",12.6万円,12000円,-,-,1K,25.03m2
ミリアレジデンス新宿御苑,東京都新宿区新宿５,"
東京メトロ丸ノ内線/新宿御苑前駅 歩6分
ＪＲ山手線/新宿駅 歩15分
都営新宿線/新宿三丁目駅 歩8分
","
新築
14階建
","
											7階",12.6万円,12000円,12.6万円,-,1K,25.01m2
ミリアレジデンス新宿御苑,東京都新宿区新宿５,"
東京メトロ丸ノ内線/新宿御苑前駅 歩6分
ＪＲ山手線/新宿駅 歩15分
都営新宿線/新宿三丁目駅 歩8分
","
新築
14階建
","
											6階",12.6万円,12000円,-,-,ワンルーム,25.01m2
ミリアレジデンス新宿御苑,東京都新宿区新宿５,"
東京メトロ丸ノ内線/新宿御苑前駅 歩6分
ＪＲ山手線/新宿駅 歩15分
都営新宿線/新宿三丁目駅 歩8分
","
新築
14階建
","
											11階",12.7万円,12000円,-,-,1K,25.03m2
ミリアレジデンス新宿御苑,東京都新宿区新宿５,"
東京メトロ丸ノ内線/新宿御苑前駅 歩6分
ＪＲ山手線/新宿駅 歩15分
都営新宿線/新宿三丁目駅 歩8分
","
新築
14階建
","
											10階",12.7万円,12000円,-,-,1K,25.03m2
ミリアレジデンス新宿御苑,東京都新宿区新宿５,"
東京メトロ丸ノ内線/新宿御苑前駅 歩6分
ＪＲ山手線/新宿駅 歩15分
都営新宿線/新宿三丁目駅 歩8分
","
新築
14階建
","
											10階",12.7万円,12000円,-,-,1K,25.03m2
ミリアレジデンス新宿御苑,東京都新宿区新宿５,"
東京メトロ丸ノ内線/新宿御苑前駅 歩6分
ＪＲ山手線/新宿駅 歩15分
都営新宿線/新宿三丁目駅 歩8分
","
新築
14階建
","
											11階",12.7万円,12000円,12.7万円,-,1K,25.03m2
ミリアレジデンス新宿御苑,東京都新宿区新宿５,"
東京メトロ丸ノ内線/新宿御苑前駅 歩6分
ＪＲ山手線/新宿駅 歩15分
都営新宿線/新宿三丁目駅 歩8分
","
新築
14階建
","
											9階",12.7万円,12000円,12.7万円,-,ワンルーム,25.01m2
ミリアレジデンス新宿御苑,東京都新宿区新宿５,"
東京メトロ丸ノ内線/新宿御苑前駅 歩6分
ＪＲ山手線/新宿駅 歩15分
都営新宿線/新宿三丁目駅 歩8分
","
新築
14階建
","
											8階",12.7万円,12000円,-,-,ワンルーム,25.01m2
ミリアレジデンス新宿御苑,東京都新宿区新宿５,"
東京メトロ丸ノ内線/新宿御苑前駅 歩6分
ＪＲ山手線/新宿駅 歩15分
都営新宿線/新宿三丁目駅 歩8分
","
新築
14階建
","
											6階",12.8万円,12000円,-,-,1K,25.23m2
ミリアレジデンス新宿御苑,東京都新宿区新宿５,"
東京メトロ丸ノ内線/新宿御苑前駅 歩6分
ＪＲ山手線/新宿駅 歩15分
都営新宿線/新宿三丁目駅 歩8分
","
新築
14階建
","
											8階",12.8万円,12000円,12.8万円,-,1K,25.01m2
ミリアレジデンス新宿御苑,東京都新宿区新宿５,"
東京メトロ丸ノ内線/新宿御苑前駅 歩6分
ＪＲ山手線/新宿駅 歩15分
都営新宿線/新宿三丁目駅 歩8分
","
新築
14階建
","
											10階",12.8万円,12000円,12.8万円,-,1K,25.01m2
ミリアレジデンス新宿御苑,東京都新宿区新宿５,"
東京メトロ丸ノ内線/新宿御苑前駅 歩6分
ＪＲ山手線/新宿駅 歩15分
都営新宿線/新宿三丁目駅 歩8分
","
新築
14階建
","
											11階",12.8万円,12000円,-,-,1K,25.01m2
ミリアレジデンス新宿御苑,東京都新宿区新宿５,"
東京メトロ丸ノ内線/新宿御苑前駅 歩6分
ＪＲ山手線/新宿駅 歩15分
都営新宿線/新宿三丁目駅 歩8分
","
新築
14階建
","
											13階",12.9万円,12000円,12.9万円,-,ワンルーム,25.01m2
ミリアレジデンス新宿御苑,東京都新宿区新宿５,"
東京メトロ丸ノ内線/新宿御苑前駅 歩6分
ＪＲ山手線/新宿駅 歩15分
都営新宿線/新宿三丁目駅 歩8分
","
新築
14階建
","
											12階",12.9万円,12000円,12.9万円,-,ワンルーム,25.01m2
ミリアレジデンス新宿御苑,東京都新宿区新宿５,"
東京メトロ丸ノ内線/新宿御苑前駅 歩6分
ＪＲ山手線/新宿駅 歩15分
都営新宿線/新宿三丁目駅 歩8分
","
新築
14階建
","
											11階",12.9万円,12000円,-,-,1K,25.01m2
ミリアレジデンス新宿御苑,東京都新宿区新宿５,"
東京メトロ丸ノ内線/新宿御苑前駅 歩6分
ＪＲ山手線/新宿駅 歩15分
都営新宿線/新宿三丁目駅 歩8分
","
新築
14階建
","
											13階",13万円,12000円,-,-,1K,25.01m2
ミリアレジデンス新宿御苑,東京都新宿区新宿５,"
東京メトロ丸ノ内線/新宿御苑前駅 歩6分
ＪＲ山手線/新宿駅 歩15分
都営新宿線/新宿三丁目駅 歩8分
","
新築
14階建
","
											13階",13.1万円,12000円,-,-,1K,25.03m2
ミリアレジデンス新宿御苑,東京都新宿区新宿５,"
東京メトロ丸ノ内線/新宿御苑前駅 歩6分
ＪＲ山手線/新宿駅 歩15分
都営新宿線/新宿三丁目駅 歩8分
","
新築
14階建
","
											13階",13.1万円,12000円,-,-,1K,25.03m2
ミリアレジデンス新宿御苑,東京都新宿区新宿５,"
東京メトロ丸ノ内線/新宿御苑前駅 歩6分
ＪＲ山手線/新宿駅 歩15分
都営新宿線/新宿三丁目駅 歩8分
","
新築
14階建
","
											14階",13.3万円,12000円,13.3万円,-,1K,25.23m2
ミリアレジデンス新宿御苑,東京都新宿区新宿５,"
東京メトロ丸ノ内線/新宿御苑前駅 歩6分
ＪＲ山手線/新宿駅 歩15分
都営新宿線/新宿三丁目駅 歩8分
","
新築
14階建
","
											5階",21万円,18000円,21万円,-,1LDK,40.12m2
ミリアレジデンス新宿御苑,東京都新宿区新宿５,"
東京メトロ丸ノ内線/新宿御苑前駅 歩6分
ＪＲ山手線/新宿駅 歩15分
都営新宿線/新宿三丁目駅 歩8分
","
新築
14階建
","
											9階",21.2万円,18000円,21.2万円,-,1LDK,40.12m2
ミリアレジデンス新宿御苑,東京都新宿区新宿５,"
東京メトロ丸ノ内線/新宿御苑前駅 歩6分
ＪＲ山手線/新宿駅 歩15分
都営新宿線/新宿三丁目駅 歩8分
","
新築
14階建
","
											6階",21.2万円,18000円,21.2万円,-,1LDK,40.12m2
ミリアレジデンス新宿御苑,東京都新宿区新宿５,"
東京メトロ丸ノ内線/新宿御苑前駅 歩6分
ＪＲ山手線/新宿駅 歩15分
都営新宿線/新宿三丁目駅 歩8分
","
新築
14階建
","
											9階",21.2万円,18000円,21.2万円,-,1LDK,40.12m2
ミリアレジデンス新宿御苑,東京都新宿区新宿５,"
東京メトロ丸ノ内線/新宿御苑前駅 歩6分
ＪＲ山手線/新宿駅 歩15分
都営新宿線/新宿三丁目駅 歩8分
","
新築
14階建
","
											13階",21.4万円,18000円,21.4万円,-,1LDK,40.12m2
ミリアレジデンス新宿御苑,東京都新宿区新宿５,"
東京メトロ丸ノ内線/新宿御苑前駅 歩6分
ＪＲ山手線/新宿駅 歩15分
都営新宿線/新宿三丁目駅 歩8分
","
新築
14階建
","
											1階",22.5万円,18000円,22.5万円,-,1LDK,40.12m2
ミリアレジデンス新宿御苑,東京都新宿区新宿５,"
東京メトロ丸ノ内線/新宿御苑前駅 歩6分
ＪＲ山手線/新宿駅 歩15分
都営新宿線/新宿三丁目駅 歩8分
","
新築
14階建
","
											14階",25万円,18000円,25万円,-,1LDK,40.24m2
ミリアレジデンス新宿御苑,東京都新宿区新宿５,"
東京メトロ丸ノ内線/新宿御苑前駅 歩6分
ＪＲ山手線/新宿駅 歩15分
都営新宿線/新宿三丁目駅 歩8分
","
新築
14階建
","
											14階",25万円,18000円,25万円,-,1LDK,40.24m2
西早稲田クレセントマンション,東京都新宿区西早稲田３,"
東京メトロ副都心線/西早稲田駅 歩7分
ＪＲ山手線/高田馬場駅 歩8分
都電荒川線/面影橋駅 歩4分
","
築35年
6階建
","
											1階",20.3万円,15000円,20.3万円,20.3万円,3LDK,64.93m2
西早稲田クレセントマンション,東京都新宿区西早稲田３,"
東京メトロ副都心線/西早稲田駅 歩7分
ＪＲ山手線/高田馬場駅 歩8分
都電荒川線/面影橋駅 歩4分
","
築35年
6階建
","
											4階",20.9万円,15000円,20.9万円,20.9万円,2LDK,65.06m2
西早稲田クレセントマンション,東京都新宿区西早稲田３,"
東京メトロ副都心線/西早稲田駅 歩7分
ＪＲ山手線/高田馬場駅 歩8分
都電荒川線/面影橋駅 歩4分
","
築35年
6階建
","
											5階",21.1万円,15000円,21.1万円,21.1万円,2LDK,64.93m2
神楽サカス,東京都新宿区赤城下町,"
東京メトロ東西線/神楽坂駅 歩4分
東京メトロ有楽町線/江戸川橋駅 歩8分
ＪＲ中央線/飯田橋駅 歩13分
","
築10年
3階建
","
											2階",9.2万円,3000円,4.6万円,9.2万円,ワンルーム,22.08m2
神楽サカス,東京都新宿区赤城下町,"
東京メトロ東西線/神楽坂駅 歩4分
東京メトロ有楽町線/江戸川橋駅 歩8分
ＪＲ中央線/飯田橋駅 歩13分
","
築10年
3階建
","
											2階",9.5万円,3000円,0.5万円,1万円,ワンルーム,22.08m2
神楽サカス,東京都新宿区赤城下町,"
東京メトロ東西線/神楽坂駅 歩4分
東京メトロ有楽町線/江戸川橋駅 歩8分
ＪＲ中央線/飯田橋駅 歩13分
","
築10年
3階建
","
											2階",10.2万円,3000円,5.1万円,10.2万円,ワンルーム,25.67m2
セブンス新宿,東京都新宿区新宿７,"
都営大江戸線/東新宿駅 歩5分
東京メトロ副都心線/新宿三丁目駅 歩11分
都営大江戸線/若松河田駅 歩8分
","
築4年
2階建
","
											2階",5.2万円,3000円,-,-,ワンルーム,9.04m2
セブンス新宿,東京都新宿区新宿７,"
都営大江戸線/東新宿駅 歩5分
東京メトロ副都心線/新宿三丁目駅 歩11分
都営大江戸線/若松河田駅 歩8分
","
築4年
2階建
","
											1階",5.6万円,3000円,-,-,ワンルーム,9.09m2
セブンス新宿,東京都新宿区新宿７,"
都営大江戸線/東新宿駅 歩5分
東京メトロ副都心線/新宿三丁目駅 歩11分
都営大江戸線/若松河田駅 歩8分
","
築4年
2階建
","
											1階",5.9万円,3000円,-,-,ワンルーム,9.5m2
セブンス新宿,東京都新宿区新宿７,"
都営大江戸線/東新宿駅 歩5分
東京メトロ副都心線/新宿三丁目駅 歩11分
都営大江戸線/若松河田駅 歩8分
","
築4年
2階建
","
											2階",6.4万円,3000円,-,-,ワンルーム,9.5m2
東京メトロ東西線 早稲田駅 9階建 築18年,東京都新宿区早稲田鶴巻町,"
東京メトロ東西線/早稲田駅 歩5分
東京メトロ有楽町線/江戸川橋駅 歩10分
都営大江戸線/牛込柳町駅 歩15分
","
築18年
9階建
","
											1階",7.6万円,7000円,7.6万円,7.6万円,1K,21.57m2
東京メトロ東西線 早稲田駅 9階建 築18年,東京都新宿区早稲田鶴巻町,"
東京メトロ東西線/早稲田駅 歩5分
東京メトロ有楽町線/江戸川橋駅 歩10分
都営大江戸線/牛込柳町駅 歩15分
","
築18年
9階建
","
											2階",7.9万円,6000円,7.9万円,7.9万円,1K,21.57m2
東京メトロ東西線 早稲田駅 9階建 築18年,東京都新宿区早稲田鶴巻町,"
東京メトロ東西線/早稲田駅 歩5分
東京メトロ有楽町線/江戸川橋駅 歩10分
都営大江戸線/牛込柳町駅 歩15分
","
築18年
9階建
","
											2階",7.9万円,6000円,7.9万円,7.9万円,1K,21.57m2
東京メトロ東西線 早稲田駅 9階建 築18年,東京都新宿区早稲田鶴巻町,"
東京メトロ東西線/早稲田駅 歩5分
東京メトロ有楽町線/江戸川橋駅 歩10分
都営大江戸線/牛込柳町駅 歩15分
","
築18年
9階建
","
											2階",7.5万円,15000円,-,-,1K,21.57m2
東京メトロ東西線 早稲田駅 9階建 築18年,東京都新宿区早稲田鶴巻町,"
東京メトロ東西線/早稲田駅 歩5分
東京メトロ有楽町線/江戸川橋駅 歩10分
都営大江戸線/牛込柳町駅 歩15分
","
築18年
9階建
","
											2階",7.5万円,15000円,-,-,1K,21.57m2
東京メトロ東西線 早稲田駅 9階建 築18年,東京都新宿区早稲田鶴巻町,"
東京メトロ東西線/早稲田駅 歩5分
東京メトロ有楽町線/江戸川橋駅 歩10分
都営大江戸線/牛込柳町駅 歩15分
","
築18年
9階建
","
											2階",7.5万円,15000円,7.5万円,-,1K,21.57m2
東京メトロ東西線 早稲田駅 9階建 築18年,東京都新宿区早稲田鶴巻町,"
東京メトロ東西線/早稲田駅 歩5分
東京メトロ有楽町線/江戸川橋駅 歩10分
都営大江戸線/牛込柳町駅 歩15分
","
築18年
9階建
","
											2階",8.7万円,10500円,-,8.7万円,1K,22.45m2
東京メトロ東西線 早稲田駅 9階建 築18年,東京都新宿区早稲田鶴巻町,"
東京メトロ東西線/早稲田駅 歩5分
東京メトロ有楽町線/江戸川橋駅 歩10分
都営大江戸線/牛込柳町駅 歩15分
","
築18年
9階建
","
											2階",9.1万円,10500円,-,9.1万円,1K,22.45m2
東京メトロ東西線 早稲田駅 9階建 築18年,東京都新宿区早稲田鶴巻町,"
東京メトロ東西線/早稲田駅 歩5分
東京メトロ有楽町線/江戸川橋駅 歩10分
都営大江戸線/牛込柳町駅 歩15分
","
築18年
9階建
","
											7階",10.7万円,8000円,-,10.7万円,ワンルーム,29.89m2
プラウドフラット西早稲田,東京都新宿区西早稲田２,"
東京メトロ副都心線/西早稲田駅 歩1分
ＪＲ山手線/高田馬場駅 歩10分
東京メトロ東西線/高田馬場駅 歩7分
","
築2年
13階建
","
											2階",11.5万円,10000円,11.5万円,-,1K,26.12m2
プラウドフラット西早稲田,東京都新宿区西早稲田２,"
東京メトロ副都心線/西早稲田駅 歩1分
ＪＲ山手線/高田馬場駅 歩10分
東京メトロ東西線/高田馬場駅 歩7分
","
築2年
13階建
","
											2階",11.5万円,10000円,11.5万円,-,1K,26.12m2
プラウドフラット西早稲田,東京都新宿区西早稲田２,"
東京メトロ副都心線/西早稲田駅 歩1分
ＪＲ山手線/高田馬場駅 歩10分
東京メトロ東西線/高田馬場駅 歩7分
","
築2年
13階建
","
											2階",11.5万円,10000円,11.5万円,-,1K,26.12m2
プラウドフラット西早稲田,東京都新宿区西早稲田２,"
東京メトロ副都心線/西早稲田駅 歩1分
ＪＲ山手線/高田馬場駅 歩10分
東京メトロ東西線/高田馬場駅 歩7分
","
築2年
13階建
","
											4階",11.8万円,10000円,11.8万円,-,1K,26.12m2
プラウドフラット西早稲田,東京都新宿区西早稲田２,"
東京メトロ副都心線/西早稲田駅 歩1分
ＪＲ山手線/高田馬場駅 歩10分
東京メトロ東西線/高田馬場駅 歩7分
","
築2年
13階建
","
											3階",11.8万円,10000円,11.8万円,-,1K,26.12m2
プラウドフラット西早稲田,東京都新宿区西早稲田２,"
東京メトロ副都心線/西早稲田駅 歩1分
ＪＲ山手線/高田馬場駅 歩10分
東京メトロ東西線/高田馬場駅 歩7分
","
築2年
13階建
","
											2階",12.3万円,10000円,12.3万円,-,1K,27.15m2
プラウドフラット西早稲田,東京都新宿区西早稲田２,"
東京メトロ副都心線/西早稲田駅 歩1分
ＪＲ山手線/高田馬場駅 歩10分
東京メトロ東西線/高田馬場駅 歩7分
","
築2年
13階建
","
											7階",12.3万円,10000円,12.3万円,-,1K,26.12m2
プラウドフラット西早稲田,東京都新宿区西早稲田２,"
東京メトロ副都心線/西早稲田駅 歩1分
ＪＲ山手線/高田馬場駅 歩10分
東京メトロ東西線/高田馬場駅 歩7分
","
築2年
13階建
","
											10階",12.6万円,10000円,12.6万円,-,1K,26.12m2
プラウドフラット西早稲田,東京都新宿区西早稲田２,"
東京メトロ副都心線/西早稲田駅 歩1分
ＪＲ山手線/高田馬場駅 歩10分
東京メトロ東西線/高田馬場駅 歩7分
","
築2年
13階建
","
											9階",20.1万円,12000円,20.1万円,-,1LDK,41.19m2
プラウドフラット西早稲田,東京都新宿区西早稲田２,"
東京メトロ副都心線/西早稲田駅 歩1分
ＪＲ山手線/高田馬場駅 歩10分
東京メトロ東西線/高田馬場駅 歩7分
","
築2年
13階建
","
											9階",20.1万円,12000円,20.1万円,-,1LDK,41.19m2
プラーズタワー東新宿,東京都新宿区歌舞伎町２,"
東京メトロ副都心線/東新宿駅 歩4分
ＪＲ山手線/新宿駅 歩7分
東京メトロ丸ノ内線/新宿三丁目駅 歩12分
","
築16年
18階建
","
											9階",11.7万円,6000円,11.7万円,-,1K,26.1m2
プラーズタワー東新宿,東京都新宿区歌舞伎町２,"
東京メトロ副都心線/東新宿駅 歩4分
ＪＲ山手線/新宿駅 歩7分
東京メトロ丸ノ内線/新宿三丁目駅 歩12分
","
築16年
18階建
","
											11階",12.2万円,6000円,12.2万円,-,1K,26.1m2
プラーズタワー東新宿,東京都新宿区歌舞伎町２,"
東京メトロ副都心線/東新宿駅 歩4分
ＪＲ山手線/新宿駅 歩7分
東京メトロ丸ノ内線/新宿三丁目駅 歩12分
","
築16年
18階建
","
											9階",12.2万円,6000円,12.2万円,-,1K,24.95m2
プラーズタワー東新宿,東京都新宿区歌舞伎町２,"
東京メトロ副都心線/東新宿駅 歩4分
ＪＲ山手線/新宿駅 歩7分
東京メトロ丸ノ内線/新宿三丁目駅 歩12分
","
築16年
18階建
","
											12階",12.2万円,6000円,12.2万円,-,1K,24.63m2
プラーズタワー東新宿,東京都新宿区歌舞伎町２,"
東京メトロ副都心線/東新宿駅 歩4分
ＪＲ山手線/新宿駅 歩7分
東京メトロ丸ノ内線/新宿三丁目駅 歩12分
","
築16年
18階建
","
											12階",12.2万円,6000円,12.2万円,-,1K,24.63m2
プラーズタワー東新宿,東京都新宿区歌舞伎町２,"
東京メトロ副都心線/東新宿駅 歩4分
ＪＲ山手線/新宿駅 歩7分
東京メトロ丸ノ内線/新宿三丁目駅 歩12分
","
築16年
18階建
","
											15階",12.6万円,6000円,12.6万円,-,1K,26.58m2
プラーズタワー東新宿,東京都新宿区歌舞伎町２,"
東京メトロ副都心線/東新宿駅 歩4分
ＪＲ山手線/新宿駅 歩7分
東京メトロ丸ノ内線/新宿三丁目駅 歩12分
","
築16年
18階建
","
											15階",12.6万円,6000円,12.6万円,-,1K,26.1m2
プラーズタワー東新宿,東京都新宿区歌舞伎町２,"
東京メトロ副都心線/東新宿駅 歩4分
ＪＲ山手線/新宿駅 歩7分
東京メトロ丸ノ内線/新宿三丁目駅 歩12分
","
築16年
18階建
","
											17階",12.6万円,6000円,12.6万円,-,1K,24.63m2
プラーズタワー東新宿,東京都新宿区歌舞伎町２,"
東京メトロ副都心線/東新宿駅 歩4分
ＪＲ山手線/新宿駅 歩7分
東京メトロ丸ノ内線/新宿三丁目駅 歩12分
","
築16年
18階建
","
											9階",17万円,6000円,17万円,-,1K,26.1m2
プラーズタワー東新宿,東京都新宿区歌舞伎町２,"
東京メトロ副都心線/東新宿駅 歩4分
ＪＲ山手線/新宿駅 歩7分
東京メトロ丸ノ内線/新宿三丁目駅 歩12分
","
築16年
18階建
","
											9階",18.9万円,6000円,18.9万円,-,1LDK,41.58m2
プラーズタワー東新宿,東京都新宿区歌舞伎町２,"
東京メトロ副都心線/東新宿駅 歩4分
ＪＲ山手線/新宿駅 歩7分
東京メトロ丸ノ内線/新宿三丁目駅 歩12分
","
築16年
18階建
","
											11階",19.6万円,6000円,19.6万円,-,1LDK,41.58m2
トーシンフェニックス江戸川橋,東京都新宿区水道町,"
東京メトロ有楽町線/江戸川橋駅 歩3分
東京メトロ東西線/神楽坂駅 歩7分
都営大江戸線/飯田橋駅 歩10分
","
築17年
7階建
","
											2階",8.2万円,5000円,-,8.2万円,1K,22m2
トーシンフェニックス江戸川橋,東京都新宿区水道町,"
東京メトロ有楽町線/江戸川橋駅 歩3分
東京メトロ東西線/神楽坂駅 歩7分
都営大江戸線/飯田橋駅 歩10分
","
築17年
7階建
","
											4階",8.3万円,5000円,-,8.3万円,1K,22m2
トーシンフェニックス江戸川橋,東京都新宿区水道町,"
東京メトロ有楽町線/江戸川橋駅 歩3分
東京メトロ東西線/神楽坂駅 歩7分
都営大江戸線/飯田橋駅 歩10分
","
築17年
7階建
","
											6階",11.3万円,7000円,11.3万円,11.3万円,1DK,31.6m2
トーシンフェニックス江戸川橋,東京都新宿区水道町,"
東京メトロ有楽町線/江戸川橋駅 歩3分
東京メトロ東西線/神楽坂駅 歩7分
都営大江戸線/飯田橋駅 歩10分
","
築17年
7階建
","
											4階",14.3万円,10500円,-,14.3万円,1DK,41.4m2
トーシンフェニックス江戸川橋,東京都新宿区水道町,"
東京メトロ有楽町線/江戸川橋駅 歩3分
東京メトロ東西線/神楽坂駅 歩7分
都営大江戸線/飯田橋駅 歩10分
","
築17年
7階建
","
											5階",14.5万円,9000円,-,14.5万円,1LDK,40.96m2
トーシンフェニックス江戸川橋,東京都新宿区水道町,"
東京メトロ有楽町線/江戸川橋駅 歩3分
東京メトロ東西線/神楽坂駅 歩7分
都営大江戸線/飯田橋駅 歩10分
","
築17年
7階建
","
											4階",14.5万円,10500円,-,14.5万円,1DK,41.4m2
トーシンフェニックス江戸川橋,東京都新宿区水道町,"
東京メトロ有楽町線/江戸川橋駅 歩3分
東京メトロ東西線/神楽坂駅 歩7分
都営大江戸線/飯田橋駅 歩10分
","
築17年
7階建
","
											5階",14.6万円,10500円,-,14.6万円,1LDK,41.29m2
ＴＭＧ市谷,東京都新宿区市谷薬王寺町,"
都営大江戸線/牛込柳町駅 歩4分
都営新宿線/曙橋駅 歩9分
都営大江戸線/若松河田駅 歩14分
","
築13年
3階建
","
											2階",8.5万円,4000円,8.5万円,8.5万円,ワンルーム,26.73m2
都営大江戸線 牛込柳町駅 3階建 築13年,東京都新宿区市谷薬王寺町,"
都営大江戸線/牛込柳町駅 歩4分
都営新宿線/曙橋駅 歩9分
都営大江戸線/若松河田駅 歩14分
","
築13年
3階建
","
											2階",8.5万円,4000円,8.5万円,8.5万円,ワンルーム,26.73m2
京王新線 初台駅 8階建 築16年,東京都新宿区西新宿３,"
京王新線/初台駅 歩6分
ＪＲ山手線/新宿駅 歩14分
小田急線/参宮橋駅 歩13分
","
築16年
8階建
","
											2階",12.4万円,5000円,12.4万円,12.4万円,1K,39.91m2
シャンブル東新宿,東京都新宿区大久保１,"
ＪＲ山手線/新大久保駅 歩7分
都営大江戸線/東新宿駅 歩4分
ＪＲ中央線/大久保駅 歩13分
","
築9年
2階建
","
											1階",6.45万円,3500円,-,6.45万円,ワンルーム,11.97m2
カーサマグノリア家電付,東京都新宿区上落合３,"
東京メトロ東西線/落合駅 歩4分
ＪＲ中央線/東中野駅 歩7分
都営大江戸線/東中野駅 歩7分
","
築4年
3階建
","
											1階",6.1万円,5000円,-,-,ワンルーム,12.94m2
カーサマグノリア家電付,東京都新宿区上落合３,"
東京メトロ東西線/落合駅 歩4分
ＪＲ中央線/東中野駅 歩7分
都営大江戸線/東中野駅 歩7分
","
築4年
3階建
","
											1階",6.1万円,5000円,-,-,ワンルーム,9.06m2
カーサマグノリア家電付,東京都新宿区上落合３,"
東京メトロ東西線/落合駅 歩4分
ＪＲ中央線/東中野駅 歩7分
都営大江戸線/東中野駅 歩7分
","
築4年
3階建
","
											2-3階",6.35万円,5000円,-,-,ワンルーム,9.06m2
セントル四ッ谷,東京都新宿区四谷三栄町,"
ＪＲ中央線/四ツ谷駅 歩5分
東京メトロ丸ノ内線/四谷三丁目駅 歩8分
都営新宿線/曙橋駅 歩12分
","
築19年
4階建
","
											4階",8.8万円,3000円,8.8万円,8.8万円,ワンルーム,23.37m2
ＷHouse,東京都新宿区北新宿２,"
東京メトロ丸ノ内線/中野坂上駅 歩7分
ＪＲ総武線/東中野駅 歩14分
東京メトロ丸ノ内線/西新宿駅 歩12分
","
築5年
3階建
","
											1階",8.9万円,-,-,-,1K,19m2
ハーモニーレジデンス新宿御苑　ＴＨＥ　ＷＥＳＴ,東京都新宿区新宿６,"
ＪＲ山手線/新宿駅 歩7分
東京メトロ副都心線/東新宿駅 歩9分
東京メトロ丸ノ内線/新宿御苑前駅 歩9分
","
築4年
4階建
","
											2階",12.7万円,15000円,-,-,1K,25.5m2
ハーモニーレジデンス新宿御苑　ＴＨＥ　ＷＥＳＴ,東京都新宿区新宿６,"
ＪＲ山手線/新宿駅 歩7分
東京メトロ副都心線/東新宿駅 歩9分
東京メトロ丸ノ内線/新宿御苑前駅 歩9分
","
築4年
4階建
","
											2階",13.7万円,15000円,-,-,1K,25.5m2
GENOVIA四谷三丁目greenveil,東京都新宿区大京町,"
東京メトロ丸ノ内線/四谷三丁目駅 歩7分
都営大江戸線/国立競技場駅 歩10分
ＪＲ中央線/千駄ケ谷駅 歩14分
","
築2年
10階建
","
											1階",12.95万円,10000円,-,-,1K,25.44m2
GENOVIA四谷三丁目greenveil,東京都新宿区大京町,"
東京メトロ丸ノ内線/四谷三丁目駅 歩7分
都営大江戸線/国立競技場駅 歩10分
ＪＲ中央線/千駄ケ谷駅 歩14分
","
築2年
10階建
","
											1階",12.95万円,10000円,-,-,1K,25.44m2
GENOVIA四谷三丁目greenveil,東京都新宿区大京町,"
東京メトロ丸ノ内線/四谷三丁目駅 歩7分
都営大江戸線/国立競技場駅 歩10分
ＪＲ中央線/千駄ケ谷駅 歩14分
","
築2年
10階建
","
											2階",13.05万円,10000円,-,-,1K,25.44m2
GENOVIA四谷三丁目greenveil,東京都新宿区大京町,"
東京メトロ丸ノ内線/四谷三丁目駅 歩7分
都営大江戸線/国立競技場駅 歩10分
ＪＲ中央線/千駄ケ谷駅 歩14分
","
築2年
10階建
","
											2階",13.1万円,10000円,-,-,1K,25.44m2
GENOVIA四谷三丁目greenveil,東京都新宿区大京町,"
東京メトロ丸ノ内線/四谷三丁目駅 歩7分
都営大江戸線/国立競技場駅 歩10分
ＪＲ中央線/千駄ケ谷駅 歩14分
","
築2年
10階建
","
											2階",13.15万円,10000円,-,-,1K,25.44m2
GENOVIA四谷三丁目greenveil,東京都新宿区大京町,"
東京メトロ丸ノ内線/四谷三丁目駅 歩7分
都営大江戸線/国立競技場駅 歩10分
ＪＲ中央線/千駄ケ谷駅 歩14分
","
築2年
10階建
","
											8階",13.4万円,10000円,-,-,1K,25.59m2
GENOVIA四谷三丁目greenveil,東京都新宿区大京町,"
東京メトロ丸ノ内線/四谷三丁目駅 歩7分
都営大江戸線/国立競技場駅 歩10分
ＪＲ中央線/千駄ケ谷駅 歩14分
","
築2年
10階建
","
											10階",13.5万円,10000円,-,-,1K,25.59m2
GENOVIA四谷三丁目greenveil,東京都新宿区大京町,"
東京メトロ丸ノ内線/四谷三丁目駅 歩7分
都営大江戸線/国立競技場駅 歩10分
ＪＲ中央線/千駄ケ谷駅 歩14分
","
築2年
10階建
","
											4階",22.2万円,15000円,-,-,1LDK,42.36m2
ザ・パークハビオ新宿,東京都新宿区新宿６,"
東京メトロ丸ノ内線/新宿三丁目駅 歩7分
都営大江戸線/東新宿駅 歩10分
ＪＲ山手線/新宿駅 歩13分
","
築5年
7階建
","
											1階",12.2万円,10000円,12.2万円,12.2万円,ワンルーム,25.12m2
ザ・パークハビオ新宿,東京都新宿区新宿６,"
東京メトロ丸ノ内線/新宿三丁目駅 歩7分
都営大江戸線/東新宿駅 歩10分
ＪＲ山手線/新宿駅 歩13分
","
築5年
7階建
","
											2階",12.5万円,10000円,12.5万円,12.5万円,ワンルーム,25.17m2
ザ・パークハビオ新宿,東京都新宿区新宿６,"
東京メトロ丸ノ内線/新宿三丁目駅 歩7分
都営大江戸線/東新宿駅 歩10分
ＪＲ山手線/新宿駅 歩13分
","
築5年
7階建
","
											2階",12.5万円,10000円,12.5万円,-,ワンルーム,25.17m2
ザ・パークハビオ新宿,東京都新宿区新宿６,"
東京メトロ丸ノ内線/新宿三丁目駅 歩7分
都営大江戸線/東新宿駅 歩10分
ＪＲ山手線/新宿駅 歩13分
","
築5年
7階建
","
											2階",12.5万円,10000円,12.5万円,12.5万円,ワンルーム,25.12m2
ザ・パークハビオ新宿,東京都新宿区新宿６,"
東京メトロ丸ノ内線/新宿三丁目駅 歩7分
都営大江戸線/東新宿駅 歩10分
ＪＲ山手線/新宿駅 歩13分
","
築5年
7階建
","
											2階",12.7万円,10000円,12.7万円,12.7万円,ワンルーム,25.12m2
ザ・パークハビオ新宿,東京都新宿区新宿６,"
東京メトロ丸ノ内線/新宿三丁目駅 歩7分
都営大江戸線/東新宿駅 歩10分
ＪＲ山手線/新宿駅 歩13分
","
築5年
7階建
","
											4階",12.8万円,10000円,12.8万円,12.8万円,1K,25.12m2
ザ・パークハビオ新宿,東京都新宿区新宿６,"
東京メトロ丸ノ内線/新宿三丁目駅 歩7分
都営大江戸線/東新宿駅 歩10分
ＪＲ山手線/新宿駅 歩13分
","
築5年
7階建
","
											4階",12.8万円,10000円,12.8万円,12.8万円,ワンルーム,25.01m2
ザ・パークハビオ新宿,東京都新宿区新宿６,"
東京メトロ丸ノ内線/新宿三丁目駅 歩7分
都営大江戸線/東新宿駅 歩10分
ＪＲ山手線/新宿駅 歩13分
","
築5年
7階建
","
											3階",12.9万円,10000円,12.9万円,-,1K,25.12m2
ザ・パークハビオ新宿,東京都新宿区新宿６,"
東京メトロ丸ノ内線/新宿三丁目駅 歩7分
都営大江戸線/東新宿駅 歩10分
ＪＲ山手線/新宿駅 歩13分
","
築5年
7階建
","
											5階",13万円,10000円,13万円,13万円,ワンルーム,25.17m2
ザ・パークハビオ新宿,東京都新宿区新宿６,"
東京メトロ丸ノ内線/新宿三丁目駅 歩7分
都営大江戸線/東新宿駅 歩10分
ＪＲ山手線/新宿駅 歩13分
","
築5年
7階建
","
											2階",13.1万円,10000円,13.1万円,-,1K,26.14m2
ザ・パークハビオ新宿,東京都新宿区新宿６,"
東京メトロ丸ノ内線/新宿三丁目駅 歩7分
都営大江戸線/東新宿駅 歩10分
ＪＲ山手線/新宿駅 歩13分
","
築5年
7階建
","
											5階",13.1万円,10000円,13.1万円,-,ワンルーム,25.12m2
ザ・パークハビオ新宿,東京都新宿区新宿６,"
東京メトロ丸ノ内線/新宿三丁目駅 歩7分
都営大江戸線/東新宿駅 歩10分
ＪＲ山手線/新宿駅 歩13分
","
築5年
7階建
","
											6階",13.1万円,10000円,13.1万円,13.1万円,ワンルーム,25.12m2
ザ・パークハビオ新宿,東京都新宿区新宿６,"
東京メトロ丸ノ内線/新宿三丁目駅 歩7分
都営大江戸線/東新宿駅 歩10分
ＪＲ山手線/新宿駅 歩13分
","
築5年
7階建
","
											5階",13.2万円,10000円,13.2万円,13.2万円,ワンルーム,25.17m2
ザ・パークハビオ新宿,東京都新宿区新宿６,"
東京メトロ丸ノ内線/新宿三丁目駅 歩7分
都営大江戸線/東新宿駅 歩10分
ＪＲ山手線/新宿駅 歩13分
","
築5年
7階建
","
											5階",13.2万円,10000円,13.2万円,13.2万円,1K,25.12m2
ザ・パークハビオ新宿,東京都新宿区新宿６,"
東京メトロ丸ノ内線/新宿三丁目駅 歩7分
都営大江戸線/東新宿駅 歩10分
ＪＲ山手線/新宿駅 歩13分
","
築5年
7階建
","
											5階",13.2万円,10000円,13.2万円,13.2万円,ワンルーム,25.01m2
ザ・パークハビオ新宿,東京都新宿区新宿６,"
東京メトロ丸ノ内線/新宿三丁目駅 歩7分
都営大江戸線/東新宿駅 歩10分
ＪＲ山手線/新宿駅 歩13分
","
築5年
7階建
","
											3階",13.4万円,10000円,13.4万円,-,1K,27m2
ザ・パークハビオ新宿,東京都新宿区新宿６,"
東京メトロ丸ノ内線/新宿三丁目駅 歩7分
都営大江戸線/東新宿駅 歩10分
ＪＲ山手線/新宿駅 歩13分
","
築5年
7階建
","
											4階",14.1万円,10000円,14.1万円,14.1万円,1K,25.12m2
ザ・パークハビオ新宿,東京都新宿区新宿６,"
東京メトロ丸ノ内線/新宿三丁目駅 歩7分
都営大江戸線/東新宿駅 歩10分
ＪＲ山手線/新宿駅 歩13分
","
築5年
7階建
","
											2階",16万円,10000円,16万円,-,1DK,31.68m2
ザ・パークハビオ新宿,東京都新宿区新宿６,"
東京メトロ丸ノ内線/新宿三丁目駅 歩7分
都営大江戸線/東新宿駅 歩10分
ＪＲ山手線/新宿駅 歩13分
","
築5年
7階建
","
											3階",16.1万円,10000円,16.1万円,16.1万円,1DK,31.47m2
ザ・パークハビオ新宿,東京都新宿区新宿６,"
東京メトロ丸ノ内線/新宿三丁目駅 歩7分
都営大江戸線/東新宿駅 歩10分
ＪＲ山手線/新宿駅 歩13分
","
築5年
7階建
","
											6階",16.1万円,10000円,16.1万円,16.1万円,1DK,30.59m2
ザ・パークハビオ新宿,東京都新宿区新宿６,"
東京メトロ丸ノ内線/新宿三丁目駅 歩7分
都営大江戸線/東新宿駅 歩10分
ＪＲ山手線/新宿駅 歩13分
","
築5年
7階建
","
											5階",16.3万円,10000円,16.3万円,16.3万円,1DK,31.68m2
ザ・パークハビオ新宿,東京都新宿区新宿６,"
東京メトロ丸ノ内線/新宿三丁目駅 歩7分
都営大江戸線/東新宿駅 歩10分
ＪＲ山手線/新宿駅 歩13分
","
築5年
7階建
","
											1階",19.2万円,15000円,19.2万円,19.2万円,1LDK,40.21m2
ザ・パークハビオ新宿,東京都新宿区新宿６,"
東京メトロ丸ノ内線/新宿三丁目駅 歩7分
都営大江戸線/東新宿駅 歩10分
ＪＲ山手線/新宿駅 歩13分
","
築5年
7階建
","
											3階",19.6万円,15000円,19.6万円,19.6万円,1LDK,40.21m2
ザ・パークハビオ新宿,東京都新宿区新宿６,"
東京メトロ丸ノ内線/新宿三丁目駅 歩7分
都営大江戸線/東新宿駅 歩10分
ＪＲ山手線/新宿駅 歩13分
","
築5年
7階建
","
											3階",20.2万円,15000円,20.2万円,20.2万円,1LDK,40.21m2
ザ・パークハビオ新宿,東京都新宿区新宿６,"
東京メトロ丸ノ内線/新宿三丁目駅 歩7分
都営大江戸線/東新宿駅 歩10分
ＪＲ山手線/新宿駅 歩13分
","
築5年
7階建
","
											4階",20.5万円,15000円,20.5万円,20.5万円,1LDK,40.21m2
東京メトロ丸ノ内線 新宿三丁目駅 地下1地上5階建 築2年,東京都新宿区新宿６,"
東京メトロ丸ノ内線/新宿三丁目駅 歩8分
東京メトロ丸ノ内線/新宿御苑前駅 歩8分
東京メトロ副都心線/東新宿駅 歩8分
","
築2年
地下1地上5階建
","
											3階",15.9万円,6000円,-,-,1DK,32.32m2
東京メトロ丸ノ内線 新宿三丁目駅 地下1地上5階建 築2年,東京都新宿区新宿６,"
東京メトロ丸ノ内線/新宿三丁目駅 歩8分
東京メトロ丸ノ内線/新宿御苑前駅 歩8分
東京メトロ副都心線/東新宿駅 歩8分
","
築2年
地下1地上5階建
","
											3階",18.9万円,6000円,-,-,1LDK,39.54m2
東京メトロ丸ノ内線 新宿三丁目駅 地下1地上5階建 築2年,東京都新宿区新宿６,"
東京メトロ丸ノ内線/新宿三丁目駅 歩8分
東京メトロ丸ノ内線/新宿御苑前駅 歩8分
東京メトロ副都心線/東新宿駅 歩8分
","
築2年
地下1地上5階建
","
											1階",19.4万円,6000円,-,-,1LDK,44.75m2
東京メトロ丸ノ内線 新宿三丁目駅 地下1地上5階建 築2年,東京都新宿区新宿６,"
東京メトロ丸ノ内線/新宿三丁目駅 歩8分
東京メトロ丸ノ内線/新宿御苑前駅 歩8分
東京メトロ副都心線/東新宿駅 歩8分
","
築2年
地下1地上5階建
","
											B1-1階",20.4万円,6000円,-,-,1LDK,44.6m2
東京メトロ丸ノ内線 西新宿駅 4階建 築4年,東京都新宿区北新宿１,"
東京メトロ丸ノ内線/西新宿駅 歩7分
ＪＲ中央線/大久保駅 歩10分
都営大江戸線/都庁前駅 歩16分
","
築4年
4階建
","
											1階",8.5万円,5000円,-,-,ワンルーム,17.49m2
東京メトロ丸ノ内線 西新宿駅 4階建 築4年,東京都新宿区北新宿１,"
東京メトロ丸ノ内線/西新宿駅 歩7分
ＪＲ中央線/大久保駅 歩10分
都営大江戸線/都庁前駅 歩16分
","
築4年
4階建
","
											1階",9万円,5000円,-,-,ワンルーム,20.24m2
東京メトロ丸ノ内線 西新宿駅 4階建 築4年,東京都新宿区北新宿１,"
東京メトロ丸ノ内線/西新宿駅 歩7分
ＪＲ中央線/大久保駅 歩10分
都営大江戸線/都庁前駅 歩16分
","
築4年
4階建
","
											4階",9.7万円,5000円,-,-,ワンルーム,20.4m2
アーバネックス西新宿2,東京都新宿区北新宿１,"
ＪＲ中央線/大久保駅 歩4分
東京メトロ丸ノ内線/西新宿駅 歩7分
ＪＲ山手線/新宿駅 歩12分
","
新築
14階建
","
											7階",13.3万円,15000円,13.3万円,-,1DK,25.3m2
アーバネックス西新宿2,東京都新宿区北新宿１,"
ＪＲ中央線/大久保駅 歩4分
東京メトロ丸ノ内線/西新宿駅 歩7分
ＪＲ山手線/新宿駅 歩12分
","
新築
14階建
","
											9階",13.4万円,15000円,13.4万円,-,1DK,25.34m2
アーバネックス西新宿2,東京都新宿区北新宿１,"
ＪＲ中央線/大久保駅 歩4分
東京メトロ丸ノ内線/西新宿駅 歩7分
ＪＲ山手線/新宿駅 歩12分
","
新築
14階建
","
											10階",13.7万円,15000円,13.7万円,-,1DK,25.34m2
アーバネックス西新宿2,東京都新宿区北新宿１,"
ＪＲ中央線/大久保駅 歩4分
東京メトロ丸ノ内線/西新宿駅 歩7分
ＪＲ山手線/新宿駅 歩12分
","
新築
14階建
","
											11階",13.8万円,15000円,13.8万円,-,1DK,25.34m2
アーバネックス西新宿2,東京都新宿区北新宿１,"
ＪＲ中央線/大久保駅 歩4分
東京メトロ丸ノ内線/西新宿駅 歩7分
ＪＲ山手線/新宿駅 歩12分
","
新築
14階建
","
											11階",13.8万円,15000円,13.8万円,-,1DK,25.34m2
アーバネックス西新宿2,東京都新宿区北新宿１,"
ＪＲ中央線/大久保駅 歩4分
東京メトロ丸ノ内線/西新宿駅 歩7分
ＪＲ山手線/新宿駅 歩12分
","
新築
14階建
","
											11階",13.8万円,15000円,13.8万円,-,1DK,25.3m2
アーバネックス西新宿2,東京都新宿区北新宿１,"
ＪＲ中央線/大久保駅 歩4分
東京メトロ丸ノ内線/西新宿駅 歩7分
ＪＲ山手線/新宿駅 歩12分
","
新築
14階建
","
											12階",13.9万円,15000円,13.9万円,-,1DK,25.34m2
アーバネックス西新宿2,東京都新宿区北新宿１,"
ＪＲ中央線/大久保駅 歩4分
東京メトロ丸ノ内線/西新宿駅 歩7分
ＪＲ山手線/新宿駅 歩12分
","
新築
14階建
","
											12階",13.9万円,15000円,13.9万円,-,1DK,25.34m2
アーバネックス西新宿2,東京都新宿区北新宿１,"
ＪＲ中央線/大久保駅 歩4分
東京メトロ丸ノ内線/西新宿駅 歩7分
ＪＲ山手線/新宿駅 歩12分
","
新築
14階建
","
											12階",13.9万円,15000円,13.9万円,-,1DK,25.3m2
アーバネックス西新宿2,東京都新宿区北新宿１,"
ＪＲ中央線/大久保駅 歩4分
東京メトロ丸ノ内線/西新宿駅 歩7分
ＪＲ山手線/新宿駅 歩12分
","
新築
14階建
","
											13階",14.3万円,15000円,14.3万円,-,1DK,25.34m2
アーバネックス西新宿2,東京都新宿区北新宿１,"
ＪＲ中央線/大久保駅 歩4分
東京メトロ丸ノ内線/西新宿駅 歩7分
ＪＲ山手線/新宿駅 歩12分
","
新築
14階建
","
											14階",14.5万円,15000円,14.5万円,-,1DK,25.34m2
アーバネックス西新宿2,東京都新宿区北新宿１,"
ＪＲ中央線/大久保駅 歩4分
東京メトロ丸ノ内線/西新宿駅 歩7分
ＪＲ山手線/新宿駅 歩12分
","
新築
14階建
","
											14階",14.5万円,15000円,14.5万円,-,1DK,25.3m2
アーバネックス西新宿2,東京都新宿区北新宿１,"
ＪＲ中央線/大久保駅 歩4分
東京メトロ丸ノ内線/西新宿駅 歩7分
ＪＲ山手線/新宿駅 歩12分
","
新築
14階建
","
											6階",22.4万円,20000円,22.4万円,-,2LDK,40.47m2
アーバネックス西新宿2,東京都新宿区北新宿１,"
ＪＲ中央線/大久保駅 歩4分
東京メトロ丸ノ内線/西新宿駅 歩7分
ＪＲ山手線/新宿駅 歩12分
","
新築
14階建
","
											6階",22.4万円,20000円,22.4万円,-,2LDK,40.47m2
アーバネックス西新宿2,東京都新宿区北新宿１,"
ＪＲ中央線/大久保駅 歩4分
東京メトロ丸ノ内線/西新宿駅 歩7分
ＪＲ山手線/新宿駅 歩12分
","
新築
14階建
","
											6階",22.9万円,20000円,22.9万円,-,2LDK,40.47m2
アーバネックス西新宿2,東京都新宿区北新宿１,"
ＪＲ中央線/大久保駅 歩4分
東京メトロ丸ノ内線/西新宿駅 歩7分
ＪＲ山手線/新宿駅 歩12分
","
新築
14階建
","
											7階",23万円,20000円,23万円,-,2LDK,40.47m2
アーバネックス西新宿2,東京都新宿区北新宿１,"
ＪＲ中央線/大久保駅 歩4分
東京メトロ丸ノ内線/西新宿駅 歩7分
ＪＲ山手線/新宿駅 歩12分
","
新築
14階建
","
											11階",23.5万円,20000円,23.5万円,-,2LDK,40.47m2
アーバネックス西新宿2,東京都新宿区北新宿１,"
ＪＲ中央線/大久保駅 歩4分
東京メトロ丸ノ内線/西新宿駅 歩7分
ＪＲ山手線/新宿駅 歩12分
","
新築
14階建
","
											13階",23.8万円,20000円,23.8万円,-,2LDK,40.47m2
アーバネックス西新宿2,東京都新宿区北新宿１,"
ＪＲ中央線/大久保駅 歩4分
東京メトロ丸ノ内線/西新宿駅 歩7分
ＪＲ山手線/新宿駅 歩12分
","
新築
14階建
","
											8階",23.8万円,20000円,23.8万円,-,2LDK,40.47m2
アーバネックス西新宿2,東京都新宿区北新宿１,"
ＪＲ中央線/大久保駅 歩4分
東京メトロ丸ノ内線/西新宿駅 歩7分
ＪＲ山手線/新宿駅 歩12分
","
新築
14階建
","
											14階",24万円,20000円,24万円,-,2LDK,40.47m2
アーバネックス西新宿2,東京都新宿区北新宿１,"
ＪＲ中央線/大久保駅 歩4分
東京メトロ丸ノ内線/西新宿駅 歩7分
ＪＲ山手線/新宿駅 歩12分
","
新築
14階建
","
											14階",24万円,20000円,24万円,-,2LDK,40.47m2
アーバネックス西新宿2,東京都新宿区北新宿１,"
ＪＲ中央線/大久保駅 歩4分
東京メトロ丸ノ内線/西新宿駅 歩7分
ＪＲ山手線/新宿駅 歩12分
","
新築
14階建
","
											14階",28万円,20000円,28万円,-,2LDK,40.47m2
K-house,東京都新宿区北新宿１,"
ＪＲ中央線/大久保駅 歩2分
ＪＲ山手線/新宿駅 歩13分
西武新宿線/西武新宿駅 歩7分
","
築17年
6階建
","
											2階",8.7万円,7000円,-,8.7万円,1K,25.78m2
K-house,東京都新宿区北新宿１,"
ＪＲ中央線/大久保駅 歩2分
ＪＲ山手線/新宿駅 歩13分
西武新宿線/西武新宿駅 歩7分
","
築17年
6階建
","
											2階",8.8万円,7000円,-,8.8万円,1K,25.78m2
スカイコート早稲田第２,東京都新宿区若松町,"
都営大江戸線/若松河田駅 歩5分
東京メトロ東西線/早稲田駅 歩12分
都営大江戸線/東新宿駅 歩10分
","
築24年
9階建
","
											1階",6.9万円,4000円,6.9万円,6.9万円,ワンルーム,18m2
スカイコート早稲田第２,東京都新宿区若松町,"
都営大江戸線/若松河田駅 歩5分
東京メトロ東西線/早稲田駅 歩12分
都営大江戸線/東新宿駅 歩10分
","
築24年
9階建
","
											1階",6.9万円,4000円,6.9万円,6.9万円,1K,18m2
スカイコート早稲田第２,東京都新宿区若松町,"
都営大江戸線/若松河田駅 歩5分
東京メトロ東西線/早稲田駅 歩12分
都営大江戸線/東新宿駅 歩10分
","
築24年
9階建
","
											3階",7万円,9000円,7万円,7万円,ワンルーム,18m2
スカイコート早稲田第２,東京都新宿区若松町,"
都営大江戸線/若松河田駅 歩5分
東京メトロ東西線/早稲田駅 歩12分
都営大江戸線/東新宿駅 歩10分
","
築24年
9階建
","
											4階",7万円,10000円,-,7万円,ワンルーム,18m2
